[Extension] [DEBUG] Disconnecting tab 1960181932
[Extension] [WARN] DISCONNECT: detachTab tabId=1960181932 shouldDetach=true stack= at detachTab (chrome-extension://pebbngnfojnignonigcnkdilknapkgid/background.js:1142:98) <- at disconnectTab (chrome-extension://pebbngnfojnignonigcnkdilknapkgid/background.js:1212:3) <- at onTabRemoved (chrome-extension://pebbngnfojnignonigcnkdilknapkgid/background.js:1381:9)
← Extension: Target.detachedFromTarget targetId=7D3DC255A113E4AAB4D226404BEE3226, sessionId=pw-tab-14ad3lxn4rdiu-6
→ Playwright [ALL]: Target.detachedFromTarget targetId=7D3DC255A113E4AAB4D226404BEE3226, sessionId=pw-tab-14ad3lxn4rdiu-6
[Extension] [LOG] {"tabs":{"dataType":"Map","value":[[1960181923,{"sessionId":"pw-tab-14ad3lxn4rdiu-1","targetId":"3725B15B6968473F21B6C2BE1437EA94","state":"connected","attachOrder":1}]]},"connectionState":"connected","currentTabId":1960181932}
[Extension] [LOG] {"tabs":{"dataType":"Map","value":[[1960181923,{"sessionId":"pw-tab-14ad3lxn4rdiu-1","targetId":"3725B15B6968473F21B6C2BE1437EA94","state":"connected","attachOrder":1}]]},"connectionState":"connected","currentTabId":1960181923}
[Extension] [DEBUG] Ignoring debugger detach event for untracked tab: 1960181932
[Extension] [DEBUG] Forwarding CDP event: Network.requestWillBeSentExtraInfo from tab: 1960181923
[Extension] [DEBUG] Error detaching debugger from tab: 1960181932 No tab with given id 1960181932.
[Extension] [LOG] {"tabs":{"dataType":"Map","value":[[1960181923,{"sessionId":"pw-tab-14ad3lxn4rdiu-1","targetId":"3725B15B6968473F21B6C2BE1437EA94","state":"connected","attachOrder":1}]]},"connectionState":"connected","currentTabId":1960181934}
[Extension] [DEBUG] Forwarding CDP event: Network.requestWillBeSent from tab: 1960181923
[Extension] [DEBUG] Forwarding CDP event: Network.requestWillBeSent from tab: 1960181923
[Extension] [DEBUG] Forwarding CDP event: Network.responseReceived from tab: 1960181923
CDP relay server started
[Extension] [DEBUG] Starting connection to tab 205602214
[Extension] [LOG] {"tabs":{"dataType":"Map","value":[[205602199,{"sessionId":"pw-tab-13kpcdvamyxj8-1","targetId":"0EF45717F197C7F8558E16FCAEF3BFB8","state":"connected","attachOrder":1}],[205602214,{"state":"connecting"}]]},"connectionState":"connected","currentTabId":205602214}
[Extension] [DEBUG] Attaching debugger to tab: 205602214
Host: 127.0.0.1
[Extension] [DEBUG] Forwarding CDP event: Network.dataReceived from tab: 1960181923
[Extension] [DEBUG] Forwarding CDP event: Network.dataReceived from tab: 1960181923
[Extension] [DEBUG] Forwarding CDP event: Network.dataReceived from tab: 1960181923
Port: 19993
Extension endpoint: ws://127.0.0.1:19993/extension
[Extension] [DEBUG] Forwarding CDP event: Network.loadingFinished from tab: 1960181923
CDP endpoint: ws://127.0.0.1:19993/cdp
[Extension] [DEBUG] Forwarding CDP event: Network.requestWillBeSent from tab: 1960181923
[Extension] [DEBUG] Forwarding CDP event: Network.responseReceived from tab: 1960181923
[Extension] [DEBUG] Forwarding CDP event: Network.requestWillBeSent from tab: 1960181923
[Extension] [DEBUG] Forwarding CDP event: Network.requestWillBeSent from tab: 1960181923
[Extension] [DEBUG] Forwarding CDP event: Network.requestWillBeSent from tab: 1960181923
[Extension] [DEBUG] Forwarding CDP event: Network.dataReceived from tab: 1960181923
[Extension] [DEBUG] Forwarding CDP event: Network.loadingFinished from tab: 1960181923
[Extension] [DEBUG] Forwarding CDP event: Network.responseReceived from tab: 1960181923
[Extension] [DEBUG] Forwarding CDP event: Log.entryAdded from tab: 1960181923
← Extension: Log.entryAdded sessionId=pw-tab-14ad3lxn4rdiu-1
[Extension] [DEBUG] Debugger attached successfully to tab: 205602214
→ Playwright [ALL]: Log.entryAdded sessionId=pw-tab-14ad3lxn4rdiu-1
[Extension] [DEBUG] Forwarding CDP event: Network.requestWillBeSent from tab: 1960181923
[Extension] [DEBUG] Forwarding CDP event: Network.responseReceived from tab: 1960181923
[Extension] [DEBUG] Forwarding CDP event: Log.entryAdded from tab: 1960181923
← Extension: Log.entryAdded sessionId=pw-tab-14ad3lxn4rdiu-1
→ Playwright [ALL]: Log.entryAdded sessionId=pw-tab-14ad3lxn4rdiu-1
[Extension] [DEBUG] Forwarding CDP event: Network.requestWillBeSent from tab: 1960181923
[Extension] [DEBUG] Forwarding CDP event: Network.requestWillBeSent from tab: 1960181923
[Extension] [DEBUG] Forwarding CDP event: Network.loadingFailed from tab: 1960181923
← Extension: Network.loadingFailed sessionId=pw-tab-14ad3lxn4rdiu-1
→ Playwright [ALL]: Network.loadingFailed sessionId=pw-tab-14ad3lxn4rdiu-1
[Extension] [DEBUG] Forwarding CDP event: Network.loadingFailed from tab: 1960181923
← Extension: Network.loadingFailed sessionId=pw-tab-14ad3lxn4rdiu-1
→ Playwright [ALL]: Network.loadingFailed sessionId=pw-tab-14ad3lxn4rdiu-1
[Extension] [DEBUG] Forwarding CDP event: Network.responseReceived from tab: 1960181923
[Extension] [DEBUG] Forwarding CDP event: Network.dataReceived from tab: 1960181923
[Extension] [DEBUG] Forwarding CDP event: Network.dataReceived from tab: 1960181923
[Extension] [DEBUG] Forwarding CDP event: Network.loadingFinished from tab: 1960181923
[Extension] [DEBUG] Forwarding CDP event: Network.requestWillBeSentExtraInfo from tab: 1960181923
[Extension] [DEBUG] Forwarding CDP event: Network.responseReceivedExtraInfo from tab: 1960181923
[Extension] [DEBUG] Forwarding CDP event: Network.requestWillBeSentExtraInfo from tab: 1960181923
[Extension] [DEBUG] Forwarding CDP event: Network.responseReceivedExtraInfo from tab: 1960181923
[Extension] [DEBUG] Forwarding CDP event: Network.responseReceivedExtraInfo from tab: 1960181923
[Extension] [DEBUG] Forwarding CDP event: Network.requestWillBeSentExtraInfo from tab: 1960181923
[Extension] [DEBUG] Forwarding CDP event: Network.requestWillBeSentExtraInfo from tab: 1960181923
[Extension] [DEBUG] Forwarding CDP event: Network.requestWillBeSentExtraInfo from tab: 1960181923
[Extension] [DEBUG] Forwarding CDP event: Network.responseReceivedExtraInfo from tab: 1960181923
[Extension] [DEBUG] Forwarding CDP event: Network.responseReceivedExtraInfo from tab: 1960181923
[Extension] [DEBUG] Forwarding CDP event: Network.requestWillBeSentExtraInfo from tab: 1960181923
[Extension] [DEBUG] Forwarding CDP event: Network.responseReceivedExtraInfo from tab: 1960181923
[Extension] [DEBUG] Forwarding CDP event: Network.responseReceivedExtraInfo from tab: 1960181923
[Extension] [DEBUG] Forwarding CDP event: Network.responseReceivedExtraInfo from tab: 1960181923
[Extension] [DEBUG] Forwarding CDP event: Network.requestWillBeSentExtraInfo from tab: 1960181923
[Extension] [DEBUG] Forwarding CDP event: Network.requestWillBeSentExtraInfo from tab: 1960181923
[Extension] [DEBUG] Forwarding CDP event: Network.responseReceived from tab: 1960181923
[Extension] [DEBUG] Forwarding CDP event: Network.dataReceived from tab: 1960181923
[Extension] [DEBUG] Forwarding CDP event: Network.dataReceived from tab: 1960181923
[Extension] [DEBUG] Forwarding CDP event: Network.loadingFinished from tab: 1960181923
[Extension] [DEBUG] Forwarding CDP event: Network.responseReceived from tab: 1960181923
[Extension] [DEBUG] Forwarding CDP event: Network.dataReceived from tab: 1960181923
[Extension] [DEBUG] Forwarding CDP event: Network.dataReceived from tab: 1960181923
[Extension] [DEBUG] Forwarding CDP event: Network.loadingFinished from tab: 1960181923
[Extension] [DEBUG] Forwarding CDP event: Network.responseReceived from tab: 1960181923
[Extension] [DEBUG] Forwarding CDP event: Network.loadingFinished from tab: 1960181923
[Extension] [DEBUG] Forwarding CDP event: Network.responseReceived from tab: 1960181923
[Extension] [DEBUG] Forwarding CDP event: Network.requestWillBeSent from tab: 1960181923
[Extension] [DEBUG] Forwarding CDP event: Network.requestWillBeSentExtraInfo from tab: 1960181923
[Extension] [DEBUG] Forwarding CDP event: Network.requestWillBeSentExtraInfo from tab: 1960181923
[Extension] [DEBUG] Forwarding CDP event: Network.dataReceived from tab: 1960181923
[Extension] [DEBUG] Forwarding CDP event: Network.loadingFinished from tab: 1960181923
[Extension] [DEBUG] Forwarding CDP event: Network.responseReceived from tab: 1960181923
[Extension] [DEBUG] Forwarding CDP event: Network.dataReceived from tab: 1960181923
[Extension] [DEBUG] Forwarding CDP event: Network.loadingFinished from tab: 1960181923
[Extension] [DEBUG] Forwarding CDP event: Network.responseReceived from tab: 1960181923
[Extension] [DEBUG] Forwarding CDP event: Network.dataReceived from tab: 1960181923
[Extension] [DEBUG] Forwarding CDP event: Network.dataReceived from tab: 1960181923
[Extension] [DEBUG] Forwarding CDP event: Network.loadingFinished from tab: 1960181923
[Extension] [DEBUG] Forwarding CDP event: Page.frameSubtreeWillBeDetached from tab: 1960181923
← Extension: Page.frameSubtreeWillBeDetached sessionId=pw-tab-14ad3lxn4rdiu-1
→ Playwright [ALL]: Page.frameSubtreeWillBeDetached sessionId=pw-tab-14ad3lxn4rdiu-1
[Extension] [DEBUG] Forwarding CDP event: Page.frameDetached from tab: 1960181923
← Extension: Page.frameDetached sessionId=pw-tab-14ad3lxn4rdiu-1
→ Playwright [ALL]: Page.frameDetached sessionId=pw-tab-14ad3lxn4rdiu-1
[Extension] [DEBUG] Forwarding CDP event: Runtime.executionContextDestroyed from tab: 1960181923
← Extension: Runtime.executionContextDestroyed sessionId=pw-tab-14ad3lxn4rdiu-1
→ Playwright [ALL]: Runtime.executionContextDestroyed sessionId=pw-tab-14ad3lxn4rdiu-1
[Extension] [DEBUG] Forwarding CDP event: Runtime.executionContextDestroyed from tab: 1960181923
← Extension: Runtime.executionContextDestroyed sessionId=pw-tab-14ad3lxn4rdiu-1
→ Playwright [ALL]: Runtime.executionContextDestroyed sessionId=pw-tab-14ad3lxn4rdiu-1
[Extension] [DEBUG] Forwarding CDP event: Runtime.executionContextDestroyed from tab: 1960181923
← Extension: Runtime.executionContextDestroyed sessionId=pw-tab-14ad3lxn4rdiu-1
→ Playwright [ALL]: Runtime.executionContextDestroyed sessionId=pw-tab-14ad3lxn4rdiu-1
[Extension] [DEBUG] Forwarding CDP event: Runtime.executionContextDestroyed from tab: 1960181923
← Extension: Runtime.executionContextDestroyed sessionId=pw-tab-14ad3lxn4rdiu-1
→ Playwright [ALL]: Runtime.executionContextDestroyed sessionId=pw-tab-14ad3lxn4rdiu-1
[Extension] [DEBUG] Forwarding CDP event: Runtime.executionContextDestroyed from tab: 1960181923
← Extension: Runtime.executionContextDestroyed sessionId=pw-tab-14ad3lxn4rdiu-1
→ Playwright [ALL]: Runtime.executionContextDestroyed sessionId=pw-tab-14ad3lxn4rdiu-1
[Extension] [DEBUG] Forwarding CDP event: Runtime.executionContextDestroyed from tab: 1960181923
← Extension: Runtime.executionContextDestroyed sessionId=pw-tab-14ad3lxn4rdiu-1
[Extension] [DEBUG] Added tabs to existing group: [205602214]
→ Playwright [ALL]: Runtime.executionContextDestroyed sessionId=pw-tab-14ad3lxn4rdiu-1
[Extension] [DEBUG] Forwarding CDP event: Runtime.executionContextDestroyed from tab: 1960181923
← Extension: Runtime.executionContextDestroyed sessionId=pw-tab-14ad3lxn4rdiu-1
→ Playwright [ALL]: Runtime.executionContextDestroyed sessionId=pw-tab-14ad3lxn4rdiu-1
[Extension] [LOG] {"tabs":{"dataType":"Map","value":[[205602199,{"sessionId":"pw-tab-13kpcdvamyxj8-1","targetId":"0EF45717F197C7F8558E16FCAEF3BFB8","state":"connected","attachOrder":1}],[205602214,{"sessionId":"pw-tab-13kpcdvamyxj8-11","targetId":"37A191C08F448915A2B15DE965511E92","state":"connected","attachOrder":11}]]},"connectionState":"connected","currentTabId":205602214}
← Extension: Target.attachedToTarget targetId=37A191C08F448915A2B15DE965511E92, sessionId=pw-tab-13kpcdvamyxj8-11
[Extension] Target.attachedToTarget full payload: {"method":"Target.attachedToTarget","params":{"sessionId":"pw-tab-13kpcdvamyxj8-11","targetInfo":{"attached":true,"browserContextId":"32732A5B1AED29F7725478B021AC3D92","canAccessOpener":false,"targetId":"37A191C08F448915A2B15DE965511E92","title":"Example Domain","type":"page","url":"https://example.com/repeated-test"},"waitingForDebugger":false}}
→ Playwright [ALL]: Target.attachedToTarget targetId=37A191C08F448915A2B15DE965511E92, sessionId=pw-tab-13kpcdvamyxj8-11
[Extension] [DEBUG] Tab attached successfully: 205602214 sessionId: pw-tab-13kpcdvamyxj8-11 targetId: 37A191C08F448915A2B15DE965511E92 url: https://example.com/repeated-test skipAttachedEvent: false
[Extension] [DEBUG] Successfully connected to tab 205602214
Playwright client connected: 9fg3wjbitpq_1772663309609 (1 total) (extension? true) (2 pages)
← Playwright [9fg3wjbitpq_1772663309609]: Browser.getVersion id=1
← Playwright [9fg3wjbitpq_1772663309609]: Target.setAutoAttach id=2
← Playwright [9fg3wjbitpq_1772663309609]: Browser.setDownloadBehavior id=3
[Server] Target.attachedToTarget full payload: {"method":"Target.attachedToTarget","params":{"sessionId":"pw-tab-13kpcdvamyxj8-1","targetInfo":{"attached":true,"browserContextId":"32732A5B1AED29F7725478B021AC3D92","canAccessOpener":false,"targetId":"0EF45717F197C7F8558E16FCAEF3BFB8","title":"about:blank","type":"page","url":"about:blank"},"waitingForDebugger":false}}
→ Playwright [9fg3wjbitpq_1772663309609]: Target.attachedToTarget targetId=0EF45717F197C7F8558E16FCAEF3BFB8, sessionId=pw-tab-13kpcdvamyxj8-1 (server-generated)
[Server] Target.attachedToTarget full payload: {"method":"Target.attachedToTarget","params":{"sessionId":"pw-tab-13kpcdvamyxj8-11","targetInfo":{"attached":true,"browserContextId":"32732A5B1AED29F7725478B021AC3D92","canAccessOpener":false,"targetId":"37A191C08F448915A2B15DE965511E92","title":"Example Domain","type":"page","url":"https://example.com/repeated-test"},"waitingForDebugger":false}}
→ Playwright [9fg3wjbitpq_1772663309609]: Target.attachedToTarget targetId=37A191C08F448915A2B15DE965511E92, sessionId=pw-tab-13kpcdvamyxj8-11 (server-generated)
← Playwright [9fg3wjbitpq_1772663309609]: Page.enable id=4, sessionId=pw-tab-13kpcdvamyxj8-1
← Playwright [9fg3wjbitpq_1772663309609]: Page.getFrameTree id=5, sessionId=pw-tab-13kpcdvamyxj8-1
[Extension] [DEBUG] Forwarding CDP event: Network.responseReceivedExtraInfo from tab: 1960181923
← Playwright [9fg3wjbitpq_1772663309609]: Log.enable id=6, sessionId=pw-tab-13kpcdvamyxj8-1
← Playwright [9fg3wjbitpq_1772663309609]: Page.setLifecycleEventsEnabled id=7, sessionId=pw-tab-13kpcdvamyxj8-1
← Playwright [9fg3wjbitpq_1772663309609]: Runtime.enable id=8, sessionId=pw-tab-13kpcdvamyxj8-1
← Playwright [9fg3wjbitpq_1772663309609]: Page.addScriptToEvaluateOnNewDocument id=9, sessionId=pw-tab-13kpcdvamyxj8-1
← Playwright [9fg3wjbitpq_1772663309609]: Network.enable id=10, sessionId=pw-tab-13kpcdvamyxj8-1
← Playwright [9fg3wjbitpq_1772663309609]: Target.setAutoAttach id=11, sessionId=pw-tab-13kpcdvamyxj8-1
← Playwright [9fg3wjbitpq_1772663309609]: Emulation.setFocusEmulationEnabled id=12, sessionId=pw-tab-13kpcdvamyxj8-1
← Playwright [9fg3wjbitpq_1772663309609]: Emulation.setEmulatedMedia id=13, sessionId=pw-tab-13kpcdvamyxj8-1
← Playwright [9fg3wjbitpq_1772663309609]: Runtime.runIfWaitingForDebugger id=14, sessionId=pw-tab-13kpcdvamyxj8-1
← Playwright [9fg3wjbitpq_1772663309609]: Page.enable id=15, sessionId=pw-tab-13kpcdvamyxj8-11
← Playwright [9fg3wjbitpq_1772663309609]: Page.getFrameTree id=16, sessionId=pw-tab-13kpcdvamyxj8-11
← Playwright [9fg3wjbitpq_1772663309609]: Log.enable id=17, sessionId=pw-tab-13kpcdvamyxj8-11
← Playwright [9fg3wjbitpq_1772663309609]: Page.setLifecycleEventsEnabled id=18, sessionId=pw-tab-13kpcdvamyxj8-11
← Playwright [9fg3wjbitpq_1772663309609]: Runtime.enable id=19, sessionId=pw-tab-13kpcdvamyxj8-11
← Playwright [9fg3wjbitpq_1772663309609]: Page.addScriptToEvaluateOnNewDocument id=20, sessionId=pw-tab-13kpcdvamyxj8-11
← Playwright [9fg3wjbitpq_1772663309609]: Network.enable id=21, sessionId=pw-tab-13kpcdvamyxj8-11
← Playwright [9fg3wjbitpq_1772663309609]: Target.setAutoAttach id=22, sessionId=pw-tab-13kpcdvamyxj8-11
← Playwright [9fg3wjbitpq_1772663309609]: Emulation.setFocusEmulationEnabled id=23, sessionId=pw-tab-13kpcdvamyxj8-11
← Playwright [9fg3wjbitpq_1772663309609]: Emulation.setEmulatedMedia id=24, sessionId=pw-tab-13kpcdvamyxj8-11
← Playwright [9fg3wjbitpq_1772663309609]: Runtime.runIfWaitingForDebugger id=25, sessionId=pw-tab-13kpcdvamyxj8-11
← Playwright [9fg3wjbitpq_1772663309609]: Target.getTargetInfo id=26
[Extension] [DEBUG] CDP command: Page.enable for tab: 205602199
[Extension] [DEBUG] CDP command: Page.getFrameTree for tab: 205602199
[Extension] [DEBUG] CDP command: Log.enable for tab: 205602199
[Extension] [DEBUG] CDP command: Page.setLifecycleEventsEnabled for tab: 205602199
[Extension] [DEBUG] CDP command: Page.addScriptToEvaluateOnNewDocument for tab: 205602199
[Extension] [DEBUG] CDP command: Network.enable for tab: 205602199
[Extension] [DEBUG] CDP command: Target.setAutoAttach for tab: 205602199
[Extension] [DEBUG] CDP command: Emulation.setFocusEmulationEnabled for tab: 205602199
[Extension] [DEBUG] CDP command: Emulation.setEmulatedMedia for tab: 205602199
[Extension] [DEBUG] CDP command: Runtime.runIfWaitingForDebugger for tab: 205602199
[Extension] [DEBUG] CDP command: Page.enable for tab: 205602214
[Extension] [DEBUG] CDP command: Page.getFrameTree for tab: 205602214
[Extension] [DEBUG] CDP command: Log.enable for tab: 205602214
[Extension] [DEBUG] Forwarding CDP event: Network.responseReceivedExtraInfo from tab: 1960181923
[Extension] [DEBUG] CDP command: Page.setLifecycleEventsEnabled for tab: 205602214
[Extension] [DEBUG] CDP command: Page.addScriptToEvaluateOnNewDocument for tab: 205602214
[Extension] [DEBUG] CDP command: Network.enable for tab: 205602214
[Extension] [DEBUG] CDP command: Target.setAutoAttach for tab: 205602214
[Extension] [DEBUG] CDP command: Emulation.setFocusEmulationEnabled for tab: 205602214
[Extension] [DEBUG] CDP command: Emulation.setEmulatedMedia for tab: 205602214
[Extension] [DEBUG] CDP command: Runtime.runIfWaitingForDebugger for tab: 205602214
[Extension] [DEBUG] Forwarding CDP event: Page.lifecycleEvent from tab: 205602199
← Extension: Page.lifecycleEvent sessionId=pw-tab-13kpcdvamyxj8-1
→ Playwright [ALL]: Page.lifecycleEvent sessionId=pw-tab-13kpcdvamyxj8-1
[Extension] [DEBUG] Forwarding CDP event: Page.lifecycleEvent from tab: 205602199
← Extension: Page.lifecycleEvent sessionId=pw-tab-13kpcdvamyxj8-1
→ Playwright [ALL]: Page.lifecycleEvent sessionId=pw-tab-13kpcdvamyxj8-1
[Extension] [DEBUG] Forwarding CDP event: Page.lifecycleEvent from tab: 205602199
← Extension: Page.lifecycleEvent sessionId=pw-tab-13kpcdvamyxj8-1
→ Playwright [ALL]: Page.lifecycleEvent sessionId=pw-tab-13kpcdvamyxj8-1
[Extension] [DEBUG] Forwarding CDP event: Page.lifecycleEvent from tab: 205602199
← Extension: Page.lifecycleEvent sessionId=pw-tab-13kpcdvamyxj8-1
→ Playwright [ALL]: Page.lifecycleEvent sessionId=pw-tab-13kpcdvamyxj8-1
[Extension] [DEBUG] Forwarding CDP event: Page.lifecycleEvent from tab: 205602199
← Extension: Page.lifecycleEvent sessionId=pw-tab-13kpcdvamyxj8-1
→ Playwright [ALL]: Page.lifecycleEvent sessionId=pw-tab-13kpcdvamyxj8-1
[Extension] [DEBUG] Forwarding CDP event: Page.lifecycleEvent from tab: 205602214
[Extension] [DEBUG] Forwarding CDP event: Network.requestWillBeSent from tab: 1960181923
← Extension: Page.lifecycleEvent sessionId=pw-tab-13kpcdvamyxj8-11
→ Playwright [ALL]: Page.lifecycleEvent sessionId=pw-tab-13kpcdvamyxj8-11
[Extension] [DEBUG] Forwarding CDP event: Page.lifecycleEvent from tab: 205602214
← Extension: Page.lifecycleEvent sessionId=pw-tab-13kpcdvamyxj8-11
[Extension] [DEBUG] Forwarding CDP event: Network.requestWillBeSentExtraInfo from tab: 1960181923
→ Playwright [ALL]: Page.lifecycleEvent sessionId=pw-tab-13kpcdvamyxj8-11
[Extension] [DEBUG] Forwarding CDP event: Page.lifecycleEvent from tab: 205602214
← Extension: Page.lifecycleEvent sessionId=pw-tab-13kpcdvamyxj8-11
→ Playwright [ALL]: Page.lifecycleEvent sessionId=pw-tab-13kpcdvamyxj8-11
[Extension] [DEBUG] Forwarding CDP event: Page.lifecycleEvent from tab: 205602214
← Extension: Page.lifecycleEvent sessionId=pw-tab-13kpcdvamyxj8-11
[Extension] [DEBUG] Forwarding CDP event: Network.responseReceived from tab: 1960181923
→ Playwright [ALL]: Page.lifecycleEvent sessionId=pw-tab-13kpcdvamyxj8-11
[Extension] [DEBUG] Forwarding CDP event: Page.lifecycleEvent from tab: 205602214
← Extension: Page.lifecycleEvent sessionId=pw-tab-13kpcdvamyxj8-11
→ Playwright [ALL]: Page.lifecycleEvent sessionId=pw-tab-13kpcdvamyxj8-11
← Playwright [9fg3wjbitpq_1772663309609]: Page.createIsolatedWorld id=27, sessionId=pw-tab-13kpcdvamyxj8-1
[Extension] [DEBUG] Forwarding CDP event: Network.dataReceived from tab: 1960181923
[Extension] [DEBUG] CDP command: Page.createIsolatedWorld for tab: 205602199
← Playwright [9fg3wjbitpq_1772663309609]: Page.createIsolatedWorld id=28, sessionId=pw-tab-13kpcdvamyxj8-11
[Extension] [DEBUG] CDP command: Page.createIsolatedWorld for tab: 205602214
[Extension] [DEBUG] Forwarding CDP event: Runtime.executionContextCreated from tab: 205602199
← Extension: Runtime.executionContextCreated sessionId=pw-tab-13kpcdvamyxj8-1
→ Playwright [ALL]: Runtime.executionContextCreated sessionId=pw-tab-13kpcdvamyxj8-1
[Extension] [DEBUG] Forwarding CDP event: Runtime.executionContextCreated from tab: 205602199
← Extension: Runtime.executionContextCreated sessionId=pw-tab-13kpcdvamyxj8-1
→ Playwright [ALL]: Runtime.executionContextCreated sessionId=pw-tab-13kpcdvamyxj8-1
[Extension] [DEBUG] Forwarding CDP event: Runtime.executionContextCreated from tab: 205602199
← Extension: Runtime.executionContextCreated sessionId=pw-tab-13kpcdvamyxj8-1
→ Playwright [ALL]: Runtime.executionContextCreated sessionId=pw-tab-13kpcdvamyxj8-1
[Extension] [DEBUG] Forwarding CDP event: Runtime.executionContextCreated from tab: 205602199
← Extension: Runtime.executionContextCreated sessionId=pw-tab-13kpcdvamyxj8-1
→ Playwright [ALL]: Runtime.executionContextCreated sessionId=pw-tab-13kpcdvamyxj8-1
[Extension] [DEBUG] Forwarding CDP event: Network.dataReceived from tab: 1960181923
[Extension] [DEBUG] Forwarding CDP event: Runtime.executionContextCreated from tab: 205602199
← Extension: Runtime.executionContextCreated sessionId=pw-tab-13kpcdvamyxj8-1
→ Playwright [ALL]: Runtime.executionContextCreated sessionId=pw-tab-13kpcdvamyxj8-1
[Extension] [DEBUG] Forwarding CDP event: Runtime.executionContextCreated from tab: 205602199
← Extension: Runtime.executionContextCreated sessionId=pw-tab-13kpcdvamyxj8-1
→ Playwright [ALL]: Runtime.executionContextCreated sessionId=pw-tab-13kpcdvamyxj8-1
[Extension] [DEBUG] Forwarding CDP event: Runtime.executionContextCreated from tab: 205602199
← Extension: Runtime.executionContextCreated sessionId=pw-tab-13kpcdvamyxj8-1
→ Playwright [ALL]: Runtime.executionContextCreated sessionId=pw-tab-13kpcdvamyxj8-1
[Extension] [DEBUG] Forwarding CDP event: Runtime.executionContextCreated from tab: 205602199
← Extension: Runtime.executionContextCreated sessionId=pw-tab-13kpcdvamyxj8-1
→ Playwright [ALL]: Runtime.executionContextCreated sessionId=pw-tab-13kpcdvamyxj8-1
[Extension] [DEBUG] Forwarding CDP event: Runtime.executionContextCreated from tab: 205602199
← Extension: Runtime.executionContextCreated sessionId=pw-tab-13kpcdvamyxj8-1
→ Playwright [ALL]: Runtime.executionContextCreated sessionId=pw-tab-13kpcdvamyxj8-1
[Extension] [DEBUG] Forwarding CDP event: Runtime.executionContextCreated from tab: 205602199
← Extension: Runtime.executionContextCreated sessionId=pw-tab-13kpcdvamyxj8-1
→ Playwright [ALL]: Runtime.executionContextCreated sessionId=pw-tab-13kpcdvamyxj8-1
[Extension] [DEBUG] Forwarding CDP event: Runtime.executionContextCreated from tab: 205602199
← Extension: Runtime.executionContextCreated sessionId=pw-tab-13kpcdvamyxj8-1
→ Playwright [ALL]: Runtime.executionContextCreated sessionId=pw-tab-13kpcdvamyxj8-1
[Extension] [DEBUG] Forwarding CDP event: Runtime.executionContextCreated from tab: 205602214
← Extension: Runtime.executionContextCreated sessionId=pw-tab-13kpcdvamyxj8-11
[Extension] [DEBUG] Forwarding CDP event: Network.loadingFinished from tab: 1960181923
→ Playwright [ALL]: Runtime.executionContextCreated sessionId=pw-tab-13kpcdvamyxj8-11
[Extension] [DEBUG] Forwarding CDP event: Runtime.executionContextCreated from tab: 205602214
← Extension: Runtime.executionContextCreated sessionId=pw-tab-13kpcdvamyxj8-11
→ Playwright [ALL]: Runtime.executionContextCreated sessionId=pw-tab-13kpcdvamyxj8-11
[Extension] [DEBUG] Forwarding CDP event: Runtime.executionContextCreated from tab: 205602214
← Extension: Runtime.executionContextCreated sessionId=pw-tab-13kpcdvamyxj8-11
→ Playwright [ALL]: Runtime.executionContextCreated sessionId=pw-tab-13kpcdvamyxj8-11
Playwright client disconnected: 9fg3wjbitpq_1772663309609 (0 remaining)
[Extension] [DEBUG] Forwarding CDP event: Network.responseReceivedExtraInfo from tab: 1960181923
[Extension] [DEBUG] Forwarding CDP event: Log.entryAdded from tab: 1960181923
← Extension: Log.entryAdded sessionId=pw-tab-14ad3lxn4rdiu-1
→ Playwright [ALL]: Log.entryAdded sessionId=pw-tab-14ad3lxn4rdiu-1
[Extension] [DEBUG] Forwarding CDP event: Network.responseReceivedExtraInfo from tab: 1960181923
[Extension] [DEBUG] Forwarding CDP event: Network.responseReceived from tab: 1960181923
[Extension] [DEBUG] Forwarding CDP event: Log.entryAdded from tab: 1960181923
← Extension: Log.entryAdded sessionId=pw-tab-14ad3lxn4rdiu-1
→ Playwright [ALL]: Log.entryAdded sessionId=pw-tab-14ad3lxn4rdiu-1
[Extension] [DEBUG] Forwarding CDP event: Network.requestWillBeSent from tab: 1960181923
[Extension] [DEBUG] Forwarding CDP event: Network.loadingFailed from tab: 1960181923
← Extension: Network.loadingFailed sessionId=pw-tab-14ad3lxn4rdiu-1
→ Playwright [ALL]: Network.loadingFailed sessionId=pw-tab-14ad3lxn4rdiu-1
[Extension] [DEBUG] Forwarding CDP event: Page.lifecycleEvent from tab: 1960181923
← Extension: Page.lifecycleEvent sessionId=pw-tab-14ad3lxn4rdiu-1
→ Playwright [ALL]: Page.lifecycleEvent sessionId=pw-tab-14ad3lxn4rdiu-1
[Extension] [DEBUG] Forwarding CDP event: Network.responseReceived from tab: 1960181923
[Extension] [DEBUG] Forwarding CDP event: Log.entryAdded from tab: 1960181923
← Extension: Log.entryAdded sessionId=pw-tab-14ad3lxn4rdiu-1
→ Playwright [ALL]: Log.entryAdded sessionId=pw-tab-14ad3lxn4rdiu-1
[Extension] [DEBUG] Forwarding CDP event: Network.requestWillBeSent from tab: 1960181923
[Extension] [DEBUG] Forwarding CDP event: Network.loadingFailed from tab: 1960181923
← Extension: Network.loadingFailed sessionId=pw-tab-14ad3lxn4rdiu-1
→ Playwright [ALL]: Network.loadingFailed sessionId=pw-tab-14ad3lxn4rdiu-1
[Extension] [DEBUG] Forwarding CDP event: Network.responseReceivedExtraInfo from tab: 1960181923
[Extension] [DEBUG] Forwarding CDP event: Target.attachedToTarget from tab: 1960181923
[Extension] [DEBUG] Child target attached: 4B1F164288D2DA4BBBE19DA63F4AD993 for tab: 1960181923
← Extension: Target.attachedToTarget sessionId=pw-tab-14ad3lxn4rdiu-1, targetId=49840317D288890E5FC7218E2137921A, sessionId=4B1F164288D2DA4BBBE19DA63F4AD993
[Server] Ignoring restricted target: service_worker (https://www.youtube.com/sw.js)
[Extension] [DEBUG] Forwarding CDP event: Network.requestWillBeSent from tab: 1960181923
[Extension] [DEBUG] Forwarding CDP event: Network.requestWillBeSent from tab: 1960181923
[Extension] [DEBUG] Forwarding CDP event: Network.requestWillBeSent from tab: 1960181923
[Extension] [DEBUG] Forwarding CDP event: Network.requestWillBeSent from tab: 1960181923
[Extension] [DEBUG] Forwarding CDP event: Network.requestWillBeSent from tab: 1960181923
[Extension] [DEBUG] Forwarding CDP event: Network.requestWillBeSent from tab: 1960181923
[Extension] [DEBUG] Forwarding CDP event: Network.requestWillBeSent from tab: 1960181923
[Extension] [DEBUG] Forwarding CDP event: Network.requestWillBeSent from tab: 1960181923
[Extension] [DEBUG] Forwarding CDP event: Network.requestWillBeSent from tab: 1960181923
[Extension] [DEBUG] Forwarding CDP event: Network.requestWillBeSent from tab: 1960181923
[Extension] [DEBUG] Forwarding CDP event: Network.requestWillBeSent from tab: 1960181923
[Extension] [DEBUG] Forwarding CDP event: Network.requestWillBeSent from tab: 1960181923
[Extension] [DEBUG] Forwarding CDP event: Network.requestWillBeSent from tab: 1960181923
[Extension] [DEBUG] Forwarding CDP event: Network.requestWillBeSent from tab: 1960181923
[Extension] [DEBUG] Forwarding CDP event: Network.requestWillBeSent from tab: 1960181923
[Extension] [DEBUG] Forwarding CDP event: Network.requestWillBeSent from tab: 1960181923
[Extension] [DEBUG] Forwarding CDP event: Network.requestWillBeSent from tab: 1960181923
[Extension] [DEBUG] Forwarding CDP event: Network.requestWillBeSent from tab: 1960181923
[Extension] [DEBUG] Forwarding CDP event: Network.requestWillBeSent from tab: 1960181923
[Extension] [DEBUG] Forwarding CDP event: Network.requestWillBeSent from tab: 1960181923
[Extension] [DEBUG] Forwarding CDP event: Network.responseReceived from tab: 1960181923
[Extension] [DEBUG] Forwarding CDP event: Network.dataReceived from tab: 1960181923
[Extension] [DEBUG] Forwarding CDP event: Network.dataReceived from tab: 1960181923
[Extension] [DEBUG] Forwarding CDP event: Network.dataReceived from tab: 1960181923
[Extension] [DEBUG] Forwarding CDP event: Network.dataReceived from tab: 1960181923
[Extension] [DEBUG] Forwarding CDP event: Network.dataReceived from tab: 1960181923
[Extension] [DEBUG] Forwarding CDP event: Network.dataReceived from tab: 1960181923
[Extension] [DEBUG] Forwarding CDP event: Network.loadingFinished from tab: 1960181923
[Extension] [DEBUG] Forwarding CDP event: Network.responseReceived from tab: 1960181923
[Extension] [DEBUG] Forwarding CDP event: Network.responseReceived from tab: 1960181923
[Extension] [DEBUG] Forwarding CDP event: Network.dataReceived from tab: 1960181923
[Extension] [DEBUG] Forwarding CDP event: Network.loadingFinished from tab: 1960181923
[Extension] [DEBUG] Forwarding CDP event: Network.dataReceived from tab: 1960181923
[Extension] [DEBUG] Forwarding CDP event: Network.loadingFinished from tab: 1960181923
[Extension] [DEBUG] Forwarding CDP event: Network.requestWillBeSent from tab: 1960181923
[Extension] [DEBUG] Forwarding CDP event: Network.requestWillBeSent from tab: 1960181923
[Extension] [DEBUG] Forwarding CDP event: Network.responseReceived from tab: 1960181923
[Extension] [DEBUG] Forwarding CDP event: Network.dataReceived from tab: 1960181923
[Extension] [DEBUG] Forwarding CDP event: Network.responseReceived from tab: 1960181923
[Extension] [DEBUG] Forwarding CDP event: Network.dataReceived from tab: 1960181923
[Extension] [DEBUG] Forwarding CDP event: Network.loadingFinished from tab: 1960181923
[Extension] [DEBUG] Forwarding CDP event: Network.loadingFinished from tab: 1960181923
[Extension] [DEBUG] Forwarding CDP event: Network.requestWillBeSentExtraInfo from tab: 1960181923
[Extension] [DEBUG] Forwarding CDP event: Network.requestWillBeSentExtraInfo from tab: 1960181923
[Extension] [DEBUG] Found parent tab for child session: 4B1F164288D2DA4BBBE19DA63F4AD993 tabId: 1960181923
[Extension] [DEBUG] CDP command: Runtime.runIfWaitingForDebugger for tab: 1960181923
[Extension] [DEBUG] Forwarding CDP event: Network.requestWillBeSentExtraInfo from tab: 1960181923
[Extension] [DEBUG] Forwarding CDP event: Network.requestWillBeSentExtraInfo from tab: 1960181923
[Extension] [DEBUG] Forwarding CDP event: Network.requestWillBeSentExtraInfo from tab: 1960181923
[Extension] [DEBUG] Forwarding CDP event: Network.requestWillBeSentExtraInfo from tab: 1960181923
[Extension] [DEBUG] Forwarding CDP event: Network.requestWillBeSentExtraInfo from tab: 1960181923
[Extension] [DEBUG] Forwarding CDP event: Network.requestWillBeSentExtraInfo from tab: 1960181923
[Extension] [DEBUG] Forwarding CDP event: Network.requestWillBeSentExtraInfo from tab: 1960181923
[Extension] [DEBUG] Forwarding CDP event: Network.requestWillBeSentExtraInfo from tab: 1960181923
[Extension] [DEBUG] Forwarding CDP event: Network.requestWillBeSentExtraInfo from tab: 1960181923
[Extension] [DEBUG] Forwarding CDP event: Network.requestWillBeSentExtraInfo from tab: 1960181923
[Extension] [DEBUG] Forwarding CDP event: Network.requestWillBeSentExtraInfo from tab: 1960181923
[Extension] [DEBUG] Forwarding CDP event: Network.responseReceivedExtraInfo from tab: 1960181923
[Extension] [DEBUG] Forwarding CDP event: Network.requestWillBeSentExtraInfo from tab: 1960181923
[Extension] [DEBUG] Forwarding CDP event: Network.requestWillBeSentExtraInfo from tab: 1960181923
[Extension] [DEBUG] Forwarding CDP event: Network.requestWillBeSentExtraInfo from tab: 1960181923
[Extension] [DEBUG] Forwarding CDP event: Network.requestWillBeSentExtraInfo from tab: 1960181923
[Extension] [DEBUG] Forwarding CDP event: Network.responseReceivedExtraInfo from tab: 1960181923
[Extension] [DEBUG] Forwarding CDP event: Network.responseReceivedExtraInfo from tab: 1960181923
[Extension] [DEBUG] Forwarding CDP event: Network.responseReceivedExtraInfo from tab: 1960181923
[Extension] [DEBUG] Forwarding CDP event: Network.requestWillBeSentExtraInfo from tab: 1960181923
[Extension] [DEBUG] Forwarding CDP event: Network.requestWillBeSentExtraInfo from tab: 1960181923
[Extension] [DEBUG] Forwarding CDP event: Network.responseReceivedExtraInfo from tab: 1960181923
[Extension] [DEBUG] Forwarding CDP event: Network.responseReceivedExtraInfo from tab: 1960181923
[Extension] [DEBUG] Forwarding CDP event: Network.requestWillBeSentExtraInfo from tab: 1960181923
[Extension] [DEBUG] Forwarding CDP event: Network.requestWillBeSentExtraInfo from tab: 1960181923
[Extension] [DEBUG] Forwarding CDP event: Network.responseReceived from tab: 1960181923
[Extension] [DEBUG] Forwarding CDP event: Network.dataReceived from tab: 1960181923
[Extension] [DEBUG] Forwarding CDP event: Network.responseReceived from tab: 1960181923
[Extension] [DEBUG] Forwarding CDP event: Network.dataReceived from tab: 1960181923
[Extension] [DEBUG] Forwarding CDP event: Network.responseReceived from tab: 1960181923
[Extension] [DEBUG] Forwarding CDP event: Network.dataReceived from tab: 1960181923
[Extension] [DEBUG] Forwarding CDP event: Network.responseReceived from tab: 1960181923
[Extension] [DEBUG] Forwarding CDP event: Network.dataReceived from tab: 1960181923
[Extension] [DEBUG] Forwarding CDP event: Network.loadingFinished from tab: 1960181923
[Extension] [DEBUG] Forwarding CDP event: Network.loadingFinished from tab: 1960181923
[Extension] [DEBUG] Forwarding CDP event: Network.loadingFinished from tab: 1960181923
[Extension] [DEBUG] Forwarding CDP event: Network.loadingFinished from tab: 1960181923
[Extension] [DEBUG] Forwarding CDP event: Network.responseReceived from tab: 1960181923
[Extension] [DEBUG] Forwarding CDP event: Network.dataReceived from tab: 1960181923
[Extension] [DEBUG] Forwarding CDP event: Network.responseReceived from tab: 1960181923
[Extension] [DEBUG] Forwarding CDP event: Network.dataReceived from tab: 1960181923
[Extension] [DEBUG] Forwarding CDP event: Network.responseReceived from tab: 1960181923
[Extension] [DEBUG] Forwarding CDP event: Network.dataReceived from tab: 1960181923
[Extension] [DEBUG] Forwarding CDP event: Network.responseReceived from tab: 1960181923
[Extension] [DEBUG] Forwarding CDP event: Network.dataReceived from tab: 1960181923
[Extension] [DEBUG] Forwarding CDP event: Network.loadingFinished from tab: 1960181923
[Extension] [DEBUG] Forwarding CDP event: Network.loadingFinished from tab: 1960181923
[Extension] [DEBUG] Forwarding CDP event: Network.loadingFinished from tab: 1960181923
[Extension] [DEBUG] Forwarding CDP event: Network.loadingFinished from tab: 1960181923
[Extension] [DEBUG] Forwarding CDP event: Network.responseReceived from tab: 1960181923
[Extension] [DEBUG] Forwarding CDP event: Network.dataReceived from tab: 1960181923
[Extension] [DEBUG] Forwarding CDP event: Network.responseReceived from tab: 1960181923
[Extension] [DEBUG] Forwarding CDP event: Network.dataReceived from tab: 1960181923
[Extension] [DEBUG] Forwarding CDP event: Network.responseReceived from tab: 1960181923
[Extension] [DEBUG] Forwarding CDP event: Network.dataReceived from tab: 1960181923
[Extension] [DEBUG] Forwarding CDP event: Network.responseReceived from tab: 1960181923
[Extension] [DEBUG] Forwarding CDP event: Network.dataReceived from tab: 1960181923
[Extension] [DEBUG] Forwarding CDP event: Network.responseReceived from tab: 1960181923
[Extension] [DEBUG] Forwarding CDP event: Network.dataReceived from tab: 1960181923
[Extension] [DEBUG] Forwarding CDP event: Network.responseReceived from tab: 1960181923
[Extension] [DEBUG] Forwarding CDP event: Network.dataReceived from tab: 1960181923
[Extension] [DEBUG] Forwarding CDP event: Network.responseReceived from tab: 1960181923
[Extension] [DEBUG] Forwarding CDP event: Network.dataReceived from tab: 1960181923
[Extension] [DEBUG] Forwarding CDP event: Network.loadingFinished from tab: 1960181923
[Extension] [DEBUG] Forwarding CDP event: Network.loadingFinished from tab: 1960181923
[Extension] [DEBUG] Forwarding CDP event: Network.loadingFinished from tab: 1960181923
[Extension] [DEBUG] Forwarding CDP event: Network.loadingFinished from tab: 1960181923
[Extension] [DEBUG] Forwarding CDP event: Network.loadingFinished from tab: 1960181923
[Extension] [DEBUG] Forwarding CDP event: Network.dataReceived from tab: 1960181923
[Extension] [DEBUG] Forwarding CDP event: Network.loadingFinished from tab: 1960181923
[Extension] [DEBUG] Forwarding CDP event: Network.loadingFinished from tab: 1960181923
[Extension] [DEBUG] Forwarding CDP event: Network.responseReceivedExtraInfo from tab: 1960181923
[Extension] [DEBUG] Forwarding CDP event: Network.responseReceivedExtraInfo from tab: 1960181923
[Extension] [DEBUG] Forwarding CDP event: Network.responseReceivedExtraInfo from tab: 1960181923
[Extension] [DEBUG] Forwarding CDP event: Network.responseReceivedExtraInfo from tab: 1960181923
[Extension] [DEBUG] Forwarding CDP event: Network.responseReceivedExtraInfo from tab: 1960181923
[Extension] [DEBUG] Forwarding CDP event: Network.responseReceivedExtraInfo from tab: 1960181923
[Extension] [DEBUG] Forwarding CDP event: Network.responseReceivedExtraInfo from tab: 1960181923
[Extension] [DEBUG] Forwarding CDP event: Network.responseReceivedExtraInfo from tab: 1960181923
[Extension] [DEBUG] Forwarding CDP event: Network.responseReceivedExtraInfo from tab: 1960181923
[Extension] [DEBUG] Forwarding CDP event: Network.responseReceivedExtraInfo from tab: 1960181923
[Extension] [DEBUG] Forwarding CDP event: Network.responseReceivedExtraInfo from tab: 1960181923
[Extension] [DEBUG] Forwarding CDP event: Network.responseReceivedExtraInfo from tab: 1960181923
[Extension] [DEBUG] Forwarding CDP event: Network.responseReceivedExtraInfo from tab: 1960181923
[Extension] [DEBUG] Forwarding CDP event: Network.responseReceivedExtraInfo from tab: 1960181923
[Extension] [DEBUG] Forwarding CDP event: Network.responseReceivedExtraInfo from tab: 1960181923
[Extension] [DEBUG] Forwarding CDP event: Network.responseReceived from tab: 1960181923
[Extension] [DEBUG] Forwarding CDP event: Network.dataReceived from tab: 1960181923
[Extension] [DEBUG] Forwarding CDP event: Network.dataReceived from tab: 1960181923
[Extension] [DEBUG] Forwarding CDP event: Network.dataReceived from tab: 1960181923
[Extension] [DEBUG] Forwarding CDP event: Network.dataReceived from tab: 1960181923
[Extension] [DEBUG] Forwarding CDP event: Network.dataReceived from tab: 1960181923
[Extension] [DEBUG] Forwarding CDP event: Network.dataReceived from tab: 1960181923
[Extension] [DEBUG] Forwarding CDP event: Network.dataReceived from tab: 1960181923
[Extension] [DEBUG] Forwarding CDP event: Network.dataReceived from tab: 1960181923
[Extension] [DEBUG] Forwarding CDP event: Network.dataReceived from tab: 1960181923
[Extension] [DEBUG] Forwarding CDP event: Network.dataReceived from tab: 1960181923
[Extension] [DEBUG] Forwarding CDP event: Network.loadingFinished from tab: 1960181923
[Extension] [DEBUG] Forwarding CDP event: Network.requestWillBeSent from tab: 1960181923
[Extension] [DEBUG] Forwarding CDP event: Network.requestWillBeSent from tab: 1960181923
[Extension] [DEBUG] Forwarding CDP event: Network.requestWillBeSent from tab: 1960181923
[Extension] [DEBUG] Forwarding CDP event: Network.responseReceived from tab: 1960181923
[Extension] [DEBUG] Forwarding CDP event: Network.dataReceived from tab: 1960181923
[Extension] [DEBUG] Forwarding CDP event: Network.dataReceived from tab: 1960181923
[Extension] [DEBUG] Forwarding CDP event: Network.dataReceived from tab: 1960181923
[Extension] [DEBUG] Forwarding CDP event: Network.loadingFinished from tab: 1960181923
[Extension] [DEBUG] Forwarding CDP event: Network.responseReceived from tab: 1960181923
[Extension] [DEBUG] Forwarding CDP event: Network.dataReceived from tab: 1960181923
[Extension] [DEBUG] Forwarding CDP event: Network.dataReceived from tab: 1960181923
[Extension] [DEBUG] Forwarding CDP event: Network.loadingFinished from tab: 1960181923
[Extension] [DEBUG] Forwarding CDP event: Network.responseReceived from tab: 1960181923
[Extension] [DEBUG] Forwarding CDP event: Network.dataReceived from tab: 1960181923
Playwright client connected: pwlqtgnpmj_1772663309827 (1 total) (extension? true) (2 pages)
[Extension] [DEBUG] Forwarding CDP event: Network.dataReceived from tab: 1960181923
← Playwright [pwlqtgnpmj_1772663309827]: Browser.getVersion id=1
[Extension] [DEBUG] Forwarding CDP event: Network.dataReceived from tab: 1960181923
← Playwright [pwlqtgnpmj_1772663309827]: Target.setAutoAttach id=2
[Extension] [DEBUG] Forwarding CDP event: Network.loadingFinished from tab: 1960181923
← Playwright [pwlqtgnpmj_1772663309827]: Browser.setDownloadBehavior id=3
[Extension] [DEBUG] Forwarding CDP event: Network.requestWillBeSent from tab: 1960181923
[Extension] [DEBUG] Forwarding CDP event: Page.lifecycleEvent from tab: 205602214
[Extension] [DEBUG] Forwarding CDP event: Network.requestWillBeSent from tab: 1960181923
[Extension] [DEBUG] Forwarding CDP event: Network.requestWillBeSent from tab: 1960181923
[Extension] [DEBUG] Forwarding CDP event: Network.requestWillBeSent from tab: 1960181923
[Extension] [DEBUG] Forwarding CDP event: Network.requestWillBeSent from tab: 1960181923
← Extension: Page.lifecycleEvent sessionId=pw-tab-13kpcdvamyxj8-11
[Extension] [DEBUG] Forwarding CDP event: Network.requestWillBeSent from tab: 1960181923
→ Playwright [ALL]: Page.lifecycleEvent sessionId=pw-tab-13kpcdvamyxj8-11
[Extension] [DEBUG] Forwarding CDP event: Network.requestWillBeSent from tab: 1960181923
[Extension] [DEBUG] Forwarding CDP event: Page.lifecycleEvent from tab: 205602214
[Extension] [DEBUG] Forwarding CDP event: Network.requestWillBeSent from tab: 1960181923
[Extension] [DEBUG] Forwarding CDP event: Network.requestWillBeSent from tab: 1960181923
[Extension] [DEBUG] Forwarding CDP event: Network.requestWillBeSent from tab: 1960181923
← Extension: Page.lifecycleEvent sessionId=pw-tab-13kpcdvamyxj8-11
→ Playwright [ALL]: Page.lifecycleEvent sessionId=pw-tab-13kpcdvamyxj8-11
[Extension] [DEBUG] Forwarding CDP event: Network.requestWillBeSent from tab: 1960181923
[Extension] [DEBUG] Forwarding CDP event: Page.lifecycleEvent from tab: 205602214
← Extension: Page.lifecycleEvent sessionId=pw-tab-13kpcdvamyxj8-11
[Extension] [DEBUG] Forwarding CDP event: Network.requestWillBeSent from tab: 1960181923
[Extension] [DEBUG] Forwarding CDP event: Network.requestWillBeSent from tab: 1960181923
→ Playwright [ALL]: Page.lifecycleEvent sessionId=pw-tab-13kpcdvamyxj8-11
[Server] Target.attachedToTarget full payload: {"method":"Target.attachedToTarget","params":{"sessionId":"pw-tab-13kpcdvamyxj8-1","targetInfo":{"attached":true,"browserContextId":"32732A5B1AED29F7725478B021AC3D92","canAccessOpener":false,"targetId":"0EF45717F197C7F8558E16FCAEF3BFB8","title":"about:blank","type":"page","url":"about:blank"},"waitingForDebugger":false}}
[Extension] [DEBUG] Forwarding CDP event: Network.requestWillBeSent from tab: 1960181923
→ Playwright [pwlqtgnpmj_1772663309827]: Target.attachedToTarget targetId=0EF45717F197C7F8558E16FCAEF3BFB8, sessionId=pw-tab-13kpcdvamyxj8-1 (server-generated)
[Server] Target.attachedToTarget full payload: {"method":"Target.attachedToTarget","params":{"sessionId":"pw-tab-13kpcdvamyxj8-11","targetInfo":{"attached":true,"browserContextId":"32732A5B1AED29F7725478B021AC3D92","canAccessOpener":false,"targetId":"37A191C08F448915A2B15DE965511E92","title":"Example Domain","type":"page","url":"https://example.com/repeated-test"},"waitingForDebugger":false}}
[Extension] [DEBUG] Forwarding CDP event: Network.requestWillBeSent from tab: 1960181923
→ Playwright [pwlqtgnpmj_1772663309827]: Target.attachedToTarget targetId=37A191C08F448915A2B15DE965511E92, sessionId=pw-tab-13kpcdvamyxj8-11 (server-generated)
[Extension] [DEBUG] Forwarding CDP event: Network.requestWillBeSent from tab: 1960181923
← Playwright [pwlqtgnpmj_1772663309827]: Page.enable id=4, sessionId=pw-tab-13kpcdvamyxj8-1
[Extension] [DEBUG] Forwarding CDP event: Network.requestWillBeSent from tab: 1960181923
← Playwright [pwlqtgnpmj_1772663309827]: Page.getFrameTree id=5, sessionId=pw-tab-13kpcdvamyxj8-1
[Extension] [DEBUG] Forwarding CDP event: Network.requestWillBeSent from tab: 1960181923
← Playwright [pwlqtgnpmj_1772663309827]: Log.enable id=6, sessionId=pw-tab-13kpcdvamyxj8-1
[Extension] [DEBUG] Forwarding CDP event: Network.requestWillBeSent from tab: 1960181923
← Playwright [pwlqtgnpmj_1772663309827]: Page.setLifecycleEventsEnabled id=7, sessionId=pw-tab-13kpcdvamyxj8-1
[Extension] [DEBUG] Forwarding CDP event: Network.requestWillBeSent from tab: 1960181923
← Playwright [pwlqtgnpmj_1772663309827]: Runtime.enable id=8, sessionId=pw-tab-13kpcdvamyxj8-1
[Extension] [DEBUG] Forwarding CDP event: Network.requestWillBeSent from tab: 1960181923
← Playwright [pwlqtgnpmj_1772663309827]: Page.addScriptToEvaluateOnNewDocument id=9, sessionId=pw-tab-13kpcdvamyxj8-1
[Extension] [DEBUG] Forwarding CDP event: Network.requestWillBeSent from tab: 1960181923
← Playwright [pwlqtgnpmj_1772663309827]: Network.enable id=10, sessionId=pw-tab-13kpcdvamyxj8-1
[Extension] [DEBUG] Forwarding CDP event: Network.requestWillBeSent from tab: 1960181923
← Playwright [pwlqtgnpmj_1772663309827]: Target.setAutoAttach id=11, sessionId=pw-tab-13kpcdvamyxj8-1
[Extension] [DEBUG] Forwarding CDP event: Network.requestWillBeSent from tab: 1960181923
← Playwright [pwlqtgnpmj_1772663309827]: Emulation.setFocusEmulationEnabled id=12, sessionId=pw-tab-13kpcdvamyxj8-1
[Extension] [DEBUG] Forwarding CDP event: Network.requestWillBeSent from tab: 1960181923
← Playwright [pwlqtgnpmj_1772663309827]: Emulation.setEmulatedMedia id=13, sessionId=pw-tab-13kpcdvamyxj8-1
[Extension] [DEBUG] Forwarding CDP event: Network.requestWillBeSent from tab: 1960181923
[Extension] [DEBUG] Forwarding CDP event: Network.requestWillBeSent from tab: 1960181923
← Playwright [pwlqtgnpmj_1772663309827]: Runtime.runIfWaitingForDebugger id=14, sessionId=pw-tab-13kpcdvamyxj8-1
[Extension] [DEBUG] Forwarding CDP event: Network.requestWillBeSent from tab: 1960181923
← Playwright [pwlqtgnpmj_1772663309827]: Page.enable id=15, sessionId=pw-tab-13kpcdvamyxj8-11
[Extension] [DEBUG] Forwarding CDP event: Network.requestWillBeSent from tab: 1960181923
← Playwright [pwlqtgnpmj_1772663309827]: Page.getFrameTree id=16, sessionId=pw-tab-13kpcdvamyxj8-11
[Extension] [DEBUG] Forwarding CDP event: Network.requestWillBeSent from tab: 1960181923
← Playwright [pwlqtgnpmj_1772663309827]: Log.enable id=17, sessionId=pw-tab-13kpcdvamyxj8-11
[Extension] [DEBUG] Forwarding CDP event: Network.requestWillBeSent from tab: 1960181923
← Playwright [pwlqtgnpmj_1772663309827]: Page.setLifecycleEventsEnabled id=18, sessionId=pw-tab-13kpcdvamyxj8-11
[Extension] [DEBUG] Forwarding CDP event: Network.responseReceived from tab: 1960181923
← Playwright [pwlqtgnpmj_1772663309827]: Runtime.enable id=19, sessionId=pw-tab-13kpcdvamyxj8-11
[Extension] [DEBUG] Forwarding CDP event: Network.dataReceived from tab: 1960181923
← Playwright [pwlqtgnpmj_1772663309827]: Page.addScriptToEvaluateOnNewDocument id=20, sessionId=pw-tab-13kpcdvamyxj8-11
[Extension] [DEBUG] Forwarding CDP event: Network.loadingFinished from tab: 1960181923
← Playwright [pwlqtgnpmj_1772663309827]: Network.enable id=21, sessionId=pw-tab-13kpcdvamyxj8-11
← Playwright [pwlqtgnpmj_1772663309827]: Target.setAutoAttach id=22, sessionId=pw-tab-13kpcdvamyxj8-11
← Playwright [pwlqtgnpmj_1772663309827]: Emulation.setFocusEmulationEnabled id=23, sessionId=pw-tab-13kpcdvamyxj8-11
[Extension] [DEBUG] Forwarding CDP event: Network.requestWillBeSent from tab: 1960181923
← Playwright [pwlqtgnpmj_1772663309827]: Emulation.setEmulatedMedia id=24, sessionId=pw-tab-13kpcdvamyxj8-11
[Extension] [DEBUG] Forwarding CDP event: Network.requestWillBeSent from tab: 1960181923
← Playwright [pwlqtgnpmj_1772663309827]: Runtime.runIfWaitingForDebugger id=25, sessionId=pw-tab-13kpcdvamyxj8-11
[Extension] [DEBUG] Forwarding CDP event: Network.requestWillBeSent from tab: 1960181923
← Playwright [pwlqtgnpmj_1772663309827]: Target.getTargetInfo id=26
[Extension] [DEBUG] Forwarding CDP event: Network.requestWillBeSent from tab: 1960181923
[Extension] [DEBUG] Forwarding CDP event: Network.requestWillBeSent from tab: 1960181923
[Extension] [DEBUG] CDP command: Page.enable for tab: 205602199
[Extension] [DEBUG] CDP command: Page.getFrameTree for tab: 205602199
[Extension] [DEBUG] Forwarding CDP event: Network.requestWillBeSent from tab: 1960181923
[Extension] [DEBUG] CDP command: Log.enable for tab: 205602199
[Extension] [DEBUG] Forwarding CDP event: Network.requestWillBeSent from tab: 1960181923
[Extension] [DEBUG] CDP command: Page.setLifecycleEventsEnabled for tab: 205602199
[Extension] [DEBUG] Forwarding CDP event: Network.requestWillBeSent from tab: 1960181923
[Extension] [DEBUG] CDP command: Page.addScriptToEvaluateOnNewDocument for tab: 205602199
[Extension] [DEBUG] Forwarding CDP event: Network.requestWillBeSent from tab: 1960181923
[Extension] [DEBUG] Forwarding CDP event: Network.requestWillBeSent from tab: 1960181923
[Extension] [DEBUG] CDP command: Network.enable for tab: 205602199
[Extension] [DEBUG] Forwarding CDP event: Network.requestWillBeSent from tab: 1960181923
[Extension] [DEBUG] CDP command: Target.setAutoAttach for tab: 205602199
[Extension] [DEBUG] Forwarding CDP event: Network.requestWillBeSent from tab: 1960181923
[Extension] [DEBUG] CDP command: Emulation.setFocusEmulationEnabled for tab: 205602199
[Extension] [DEBUG] Forwarding CDP event: Network.requestWillBeSent from tab: 1960181923
[Extension] [DEBUG] CDP command: Emulation.setEmulatedMedia for tab: 205602199
[Extension] [DEBUG] CDP command: Runtime.runIfWaitingForDebugger for tab: 205602199
[Extension] [DEBUG] Forwarding CDP event: Network.requestWillBeSent from tab: 1960181923
[Extension] [DEBUG] CDP command: Page.enable for tab: 205602214
[Extension] [DEBUG] Forwarding CDP event: Network.requestWillBeSent from tab: 1960181923
[Extension] [DEBUG] CDP command: Page.getFrameTree for tab: 205602214
[Extension] [DEBUG] Forwarding CDP event: Network.responseReceived from tab: 1960181923
[Extension] [DEBUG] CDP command: Log.enable for tab: 205602214
[Extension] [DEBUG] Forwarding CDP event: Network.dataReceived from tab: 1960181923
[Extension] [DEBUG] Forwarding CDP event: Network.loadingFinished from tab: 1960181923
[Extension] [DEBUG] CDP command: Page.setLifecycleEventsEnabled for tab: 205602214
[Extension] [DEBUG] Forwarding CDP event: Network.requestWillBeSent from tab: 1960181923
[Extension] [DEBUG] CDP command: Page.addScriptToEvaluateOnNewDocument for tab: 205602214
[Extension] [DEBUG] Forwarding CDP event: Network.requestWillBeSent from tab: 1960181923
[Extension] [DEBUG] CDP command: Network.enable for tab: 205602214
[Extension] [DEBUG] Forwarding CDP event: Network.requestWillBeSent from tab: 1960181923
[Extension] [DEBUG] CDP command: Target.setAutoAttach for tab: 205602214
[Extension] [DEBUG] Forwarding CDP event: Network.requestWillBeSent from tab: 1960181923
[Extension] [DEBUG] Forwarding CDP event: Network.requestWillBeSent from tab: 1960181923
[Extension] [DEBUG] CDP command: Emulation.setFocusEmulationEnabled for tab: 205602214
[Extension] [DEBUG] Forwarding CDP event: Network.requestWillBeSent from tab: 1960181923
[Extension] [DEBUG] CDP command: Emulation.setEmulatedMedia for tab: 205602214
[Extension] [DEBUG] Forwarding CDP event: Network.requestWillBeSent from tab: 1960181923
[Extension] [DEBUG] Forwarding CDP event: Network.requestWillBeSent from tab: 1960181923
[Extension] [DEBUG] CDP command: Runtime.runIfWaitingForDebugger for tab: 205602214
[Extension] [DEBUG] Forwarding CDP event: Page.lifecycleEvent from tab: 205602199
[Extension] [DEBUG] Forwarding CDP event: Network.requestWillBeSent from tab: 1960181923
← Extension: Page.lifecycleEvent sessionId=pw-tab-13kpcdvamyxj8-1
[Extension] [DEBUG] Forwarding CDP event: Network.requestWillBeSent from tab: 1960181923
→ Playwright [ALL]: Page.lifecycleEvent sessionId=pw-tab-13kpcdvamyxj8-1
[Extension] [DEBUG] Forwarding CDP event: Network.requestWillBeSent from tab: 1960181923
[Extension] [DEBUG] Forwarding CDP event: Page.lifecycleEvent from tab: 205602199
[Extension] [DEBUG] Forwarding CDP event: Network.requestWillBeSent from tab: 1960181923
← Extension: Page.lifecycleEvent sessionId=pw-tab-13kpcdvamyxj8-1
[Extension] [DEBUG] Forwarding CDP event: Network.requestWillBeSent from tab: 1960181923
[Extension] [DEBUG] Forwarding CDP event: Network.requestWillBeSent from tab: 1960181923
→ Playwright [ALL]: Page.lifecycleEvent sessionId=pw-tab-13kpcdvamyxj8-1
[Extension] [DEBUG] Forwarding CDP event: Page.lifecycleEvent from tab: 205602199
[Extension] [DEBUG] Forwarding CDP event: Network.requestWillBeSent from tab: 1960181923
← Extension: Page.lifecycleEvent sessionId=pw-tab-13kpcdvamyxj8-1
[Extension] [DEBUG] Forwarding CDP event: Network.requestWillBeSent from tab: 1960181923
→ Playwright [ALL]: Page.lifecycleEvent sessionId=pw-tab-13kpcdvamyxj8-1
[Extension] [DEBUG] Forwarding CDP event: Network.requestWillBeSent from tab: 1960181923
[Extension] [DEBUG] Forwarding CDP event: Page.lifecycleEvent from tab: 205602199
[Extension] [DEBUG] Forwarding CDP event: Network.requestWillBeSent from tab: 1960181923
← Extension: Page.lifecycleEvent sessionId=pw-tab-13kpcdvamyxj8-1
[Extension] [DEBUG] Forwarding CDP event: Network.requestWillBeSent from tab: 1960181923
→ Playwright [ALL]: Page.lifecycleEvent sessionId=pw-tab-13kpcdvamyxj8-1
[Extension] [DEBUG] Forwarding CDP event: Page.lifecycleEvent from tab: 205602199
[Extension] [DEBUG] Forwarding CDP event: Network.requestWillBeSent from tab: 1960181923
← Extension: Page.lifecycleEvent sessionId=pw-tab-13kpcdvamyxj8-1
[Extension] [DEBUG] Forwarding CDP event: Network.requestWillBeSent from tab: 1960181923
→ Playwright [ALL]: Page.lifecycleEvent sessionId=pw-tab-13kpcdvamyxj8-1
[Extension] [DEBUG] Forwarding CDP event: Page.lifecycleEvent from tab: 205602214
[Extension] [DEBUG] Forwarding CDP event: Network.requestWillBeSent from tab: 1960181923
← Extension: Page.lifecycleEvent sessionId=pw-tab-13kpcdvamyxj8-11
[Extension] [DEBUG] Forwarding CDP event: Network.requestWillBeSent from tab: 1960181923
→ Playwright [ALL]: Page.lifecycleEvent sessionId=pw-tab-13kpcdvamyxj8-11
[Extension] [DEBUG] Forwarding CDP event: Network.requestWillBeSent from tab: 1960181923
[Extension] [DEBUG] Forwarding CDP event: Page.lifecycleEvent from tab: 205602214
[Extension] [DEBUG] Forwarding CDP event: Network.requestWillBeSent from tab: 1960181923
← Extension: Page.lifecycleEvent sessionId=pw-tab-13kpcdvamyxj8-11
[Extension] [DEBUG] Forwarding CDP event: Network.requestWillBeSent from tab: 1960181923
→ Playwright [ALL]: Page.lifecycleEvent sessionId=pw-tab-13kpcdvamyxj8-11
[Extension] [DEBUG] Forwarding CDP event: Network.requestWillBeSent from tab: 1960181923
[Extension] [DEBUG] Forwarding CDP event: Page.lifecycleEvent from tab: 205602214
[Extension] [DEBUG] Forwarding CDP event: Network.requestWillBeSent from tab: 1960181923
← Extension: Page.lifecycleEvent sessionId=pw-tab-13kpcdvamyxj8-11
[Extension] [DEBUG] Forwarding CDP event: Network.requestWillBeSent from tab: 1960181923
→ Playwright [ALL]: Page.lifecycleEvent sessionId=pw-tab-13kpcdvamyxj8-11
[Extension] [DEBUG] Forwarding CDP event: Network.requestWillBeSent from tab: 1960181923
[Extension] [DEBUG] Forwarding CDP event: Page.lifecycleEvent from tab: 205602214
← Extension: Page.lifecycleEvent sessionId=pw-tab-13kpcdvamyxj8-11
[Extension] [DEBUG] Forwarding CDP event: Network.requestWillBeSent from tab: 1960181923
→ Playwright [ALL]: Page.lifecycleEvent sessionId=pw-tab-13kpcdvamyxj8-11
[Extension] [DEBUG] Forwarding CDP event: Network.requestWillBeSent from tab: 1960181923
[Extension] [DEBUG] Forwarding CDP event: Page.lifecycleEvent from tab: 205602214
[Extension] [DEBUG] Forwarding CDP event: Network.responseReceived from tab: 1960181923
← Extension: Page.lifecycleEvent sessionId=pw-tab-13kpcdvamyxj8-11
[Extension] [DEBUG] Forwarding CDP event: Network.dataReceived from tab: 1960181923
→ Playwright [ALL]: Page.lifecycleEvent sessionId=pw-tab-13kpcdvamyxj8-11
[Extension] [DEBUG] Forwarding CDP event: Network.loadingFinished from tab: 1960181923
← Playwright [pwlqtgnpmj_1772663309827]: Page.createIsolatedWorld id=27, sessionId=pw-tab-13kpcdvamyxj8-1
[Extension] [DEBUG] Forwarding CDP event: Network.responseReceived from tab: 1960181923
← Playwright [pwlqtgnpmj_1772663309827]: Page.createIsolatedWorld id=28, sessionId=pw-tab-13kpcdvamyxj8-11
[Extension] [DEBUG] CDP command: Page.createIsolatedWorld for tab: 205602199
[Extension] [DEBUG] Forwarding CDP event: Network.responseReceived from tab: 1960181923
[Extension] [DEBUG] Forwarding CDP event: Network.responseReceived from tab: 1960181923
[Extension] [DEBUG] CDP command: Page.createIsolatedWorld for tab: 205602214
[Extension] [DEBUG] Forwarding CDP event: Network.dataReceived from tab: 1960181923
[Extension] [DEBUG] Forwarding CDP event: Network.dataReceived from tab: 1960181923
[Extension] [DEBUG] Forwarding CDP event: Network.responseReceived from tab: 1960181923
[Extension] [DEBUG] Forwarding CDP event: Network.dataReceived from tab: 1960181923
[Extension] [DEBUG] Forwarding CDP event: Network.dataReceived from tab: 1960181923
[Extension] [DEBUG] Forwarding CDP event: Network.responseReceived from tab: 1960181923
[Extension] [DEBUG] Forwarding CDP event: Network.dataReceived from tab: 1960181923
[Extension] [DEBUG] Forwarding CDP event: Network.responseReceived from tab: 1960181923
[Extension] [DEBUG] Forwarding CDP event: Network.loadingFinished from tab: 1960181923
[Extension] [DEBUG] Forwarding CDP event: Network.dataReceived from tab: 1960181923
[Extension] [DEBUG] Forwarding CDP event: Network.loadingFinished from tab: 1960181923
[Extension] [DEBUG] Forwarding CDP event: Network.loadingFinished from tab: 1960181923
[Extension] [DEBUG] Forwarding CDP event: Network.loadingFinished from tab: 1960181923
[Extension] [DEBUG] Forwarding CDP event: Network.loadingFinished from tab: 1960181923
[Extension] [DEBUG] Forwarding CDP event: Network.loadingFinished from tab: 1960181923
[Extension] [DEBUG] Forwarding CDP event: Network.responseReceived from tab: 1960181923
[Extension] [DEBUG] Forwarding CDP event: Network.dataReceived from tab: 1960181923
[Extension] [DEBUG] Forwarding CDP event: Network.loadingFinished from tab: 1960181923
[Extension] [DEBUG] Forwarding CDP event: Network.responseReceived from tab: 1960181923
[Extension] [DEBUG] Forwarding CDP event: Network.responseReceived from tab: 1960181923
[Extension] [DEBUG] Forwarding CDP event: Network.dataReceived from tab: 1960181923
[Extension] [DEBUG] Forwarding CDP event: Network.responseReceived from tab: 1960181923
[Extension] [DEBUG] Forwarding CDP event: Network.dataReceived from tab: 1960181923
[Extension] [DEBUG] Forwarding CDP event: Network.dataReceived from tab: 1960181923
[Extension] [DEBUG] Forwarding CDP event: Network.loadingFinished from tab: 1960181923
[Extension] [DEBUG] Forwarding CDP event: Network.loadingFinished from tab: 1960181923
[Extension] [DEBUG] Forwarding CDP event: Network.loadingFinished from tab: 1960181923
[Extension] [DEBUG] Forwarding CDP event: Network.responseReceived from tab: 1960181923
[Extension] [DEBUG] Forwarding CDP event: Network.dataReceived from tab: 1960181923
[Extension] [DEBUG] Forwarding CDP event: Network.loadingFinished from tab: 1960181923
[Extension] [DEBUG] Forwarding CDP event: Network.responseReceived from tab: 1960181923
[Extension] [DEBUG] Forwarding CDP event: Network.dataReceived from tab: 1960181923
[Extension] [DEBUG] Forwarding CDP event: Network.loadingFinished from tab: 1960181923
[Extension] [DEBUG] Forwarding CDP event: Network.responseReceived from tab: 1960181923
[Extension] [DEBUG] Forwarding CDP event: Network.dataReceived from tab: 1960181923
[Extension] [DEBUG] Forwarding CDP event: Network.loadingFinished from tab: 1960181923
[Extension] [DEBUG] Forwarding CDP event: Network.responseReceived from tab: 1960181923
[Extension] [DEBUG] Forwarding CDP event: Network.responseReceived from tab: 1960181923
[Extension] [DEBUG] Forwarding CDP event: Network.dataReceived from tab: 1960181923
[Extension] [DEBUG] Forwarding CDP event: Network.loadingFinished from tab: 1960181923
[Extension] [DEBUG] Forwarding CDP event: Network.dataReceived from tab: 1960181923
[Extension] [DEBUG] Forwarding CDP event: Network.loadingFinished from tab: 1960181923
[Extension] [DEBUG] Forwarding CDP event: Runtime.executionContextCreated from tab: 205602199
[Extension] [DEBUG] Forwarding CDP event: Network.responseReceived from tab: 1960181923
[Extension] [DEBUG] Forwarding CDP event: Network.dataReceived from tab: 1960181923
[Extension] [DEBUG] Forwarding CDP event: Network.loadingFinished from tab: 1960181923
[Extension] [DEBUG] Forwarding CDP event: Network.requestWillBeSentExtraInfo from tab: 1960181923
[Extension] [DEBUG] Forwarding CDP event: Network.requestWillBeSentExtraInfo from tab: 1960181923
[Extension] [DEBUG] Forwarding CDP event: Network.requestWillBeSentExtraInfo from tab: 1960181923
[Extension] [DEBUG] Forwarding CDP event: Network.responseReceivedExtraInfo from tab: 1960181923
[Extension] [DEBUG] Forwarding CDP event: Network.responseReceivedExtraInfo from tab: 1960181923
[Extension] [DEBUG] Forwarding CDP event: Network.responseReceivedExtraInfo from tab: 1960181923
← Extension: Runtime.executionContextCreated sessionId=pw-tab-13kpcdvamyxj8-1
[Extension] [DEBUG] Forwarding CDP event: Network.requestWillBeSentExtraInfo from tab: 1960181923
[Extension] [DEBUG] Forwarding CDP event: Network.responseReceivedExtraInfo from tab: 1960181923
[Extension] [DEBUG] Forwarding CDP event: Network.requestWillBeSentExtraInfo from tab: 1960181923
[Extension] [DEBUG] Forwarding CDP event: Network.requestWillBeSentExtraInfo from tab: 1960181923
[Extension] [DEBUG] Forwarding CDP event: Network.requestWillBeSentExtraInfo from tab: 1960181923
[Extension] [DEBUG] Forwarding CDP event: Network.requestWillBeSentExtraInfo from tab: 1960181923
[Extension] [DEBUG] Forwarding CDP event: Network.requestWillBeSentExtraInfo from tab: 1960181923
→ Playwright [ALL]: Runtime.executionContextCreated sessionId=pw-tab-13kpcdvamyxj8-1
[Extension] [DEBUG] Forwarding CDP event: Network.requestWillBeSentExtraInfo from tab: 1960181923
[Extension] [DEBUG] Forwarding CDP event: Network.requestWillBeSentExtraInfo from tab: 1960181923
[Extension] [DEBUG] Forwarding CDP event: Network.requestWillBeSentExtraInfo from tab: 1960181923
[Extension] [DEBUG] Forwarding CDP event: Network.requestWillBeSentExtraInfo from tab: 1960181923
[Extension] [DEBUG] Forwarding CDP event: Network.requestWillBeSentExtraInfo from tab: 1960181923
[Extension] [DEBUG] Forwarding CDP event: Network.requestWillBeSentExtraInfo from tab: 1960181923
[Extension] [DEBUG] Forwarding CDP event: Network.requestWillBeSentExtraInfo from tab: 1960181923
[Extension] [DEBUG] Forwarding CDP event: Network.requestWillBeSentExtraInfo from tab: 1960181923
[Extension] [DEBUG] Forwarding CDP event: Network.requestWillBeSentExtraInfo from tab: 1960181923
[Extension] [DEBUG] Forwarding CDP event: Runtime.executionContextCreated from tab: 205602199
[Extension] [DEBUG] Forwarding CDP event: Network.requestWillBeSentExtraInfo from tab: 1960181923
[Extension] [DEBUG] Forwarding CDP event: Network.responseReceivedExtraInfo from tab: 1960181923
← Extension: Runtime.executionContextCreated sessionId=pw-tab-13kpcdvamyxj8-1
→ Playwright [ALL]: Runtime.executionContextCreated sessionId=pw-tab-13kpcdvamyxj8-1
[Extension] [DEBUG] Forwarding CDP event: Network.requestWillBeSentExtraInfo from tab: 1960181923
[Extension] [DEBUG] Forwarding CDP event: Runtime.executionContextCreated from tab: 205602199
[Extension] [DEBUG] Forwarding CDP event: Network.requestWillBeSentExtraInfo from tab: 1960181923
← Extension: Runtime.executionContextCreated sessionId=pw-tab-13kpcdvamyxj8-1
[Extension] [DEBUG] Forwarding CDP event: Network.requestWillBeSentExtraInfo from tab: 1960181923
→ Playwright [ALL]: Runtime.executionContextCreated sessionId=pw-tab-13kpcdvamyxj8-1
[Extension] [DEBUG] Forwarding CDP event: Network.requestWillBeSentExtraInfo from tab: 1960181923
[Extension] [DEBUG] Forwarding CDP event: Network.requestWillBeSentExtraInfo from tab: 1960181923
[Extension] [DEBUG] Forwarding CDP event: Runtime.executionContextCreated from tab: 205602214
[Extension] [DEBUG] Forwarding CDP event: Network.requestWillBeSentExtraInfo from tab: 1960181923
← Extension: Runtime.executionContextCreated sessionId=pw-tab-13kpcdvamyxj8-11
[Extension] [DEBUG] Forwarding CDP event: Network.requestWillBeSentExtraInfo from tab: 1960181923
→ Playwright [ALL]: Runtime.executionContextCreated sessionId=pw-tab-13kpcdvamyxj8-11
[Extension] [DEBUG] Forwarding CDP event: Network.requestWillBeSentExtraInfo from tab: 1960181923
[Extension] [DEBUG] Forwarding CDP event: Runtime.executionContextCreated from tab: 205602214
[Extension] [DEBUG] Forwarding CDP event: Network.requestWillBeSentExtraInfo from tab: 1960181923
← Extension: Runtime.executionContextCreated sessionId=pw-tab-13kpcdvamyxj8-11
[Extension] [DEBUG] Forwarding CDP event: Network.requestWillBeSentExtraInfo from tab: 1960181923
→ Playwright [ALL]: Runtime.executionContextCreated sessionId=pw-tab-13kpcdvamyxj8-11
[Extension] [DEBUG] Forwarding CDP event: Network.requestWillBeSentExtraInfo from tab: 1960181923
[Extension] [DEBUG] Forwarding CDP event: Runtime.executionContextCreated from tab: 205602199
[Extension] [DEBUG] Forwarding CDP event: Network.requestWillBeSentExtraInfo from tab: 1960181923
← Extension: Runtime.executionContextCreated sessionId=pw-tab-13kpcdvamyxj8-1
[Extension] [DEBUG] Forwarding CDP event: Network.requestWillBeSentExtraInfo from tab: 1960181923
→ Playwright [ALL]: Runtime.executionContextCreated sessionId=pw-tab-13kpcdvamyxj8-1
[Extension] [DEBUG] Forwarding CDP event: Network.requestWillBeSentExtraInfo from tab: 1960181923
[Extension] [DEBUG] Forwarding CDP event: Network.requestWillBeSentExtraInfo from tab: 1960181923
[Extension] [DEBUG] Forwarding CDP event: Runtime.executionContextCreated from tab: 205602199
[Extension] [DEBUG] Forwarding CDP event: Network.requestWillBeSentExtraInfo from tab: 1960181923
← Extension: Runtime.executionContextCreated sessionId=pw-tab-13kpcdvamyxj8-1
[Extension] [DEBUG] Forwarding CDP event: Network.requestWillBeSentExtraInfo from tab: 1960181923
→ Playwright [ALL]: Runtime.executionContextCreated sessionId=pw-tab-13kpcdvamyxj8-1
[Extension] [DEBUG] Forwarding CDP event: Network.requestWillBeSentExtraInfo from tab: 1960181923
[Extension] [DEBUG] Forwarding CDP event: Runtime.executionContextCreated from tab: 205602214
[Extension] [DEBUG] Forwarding CDP event: Network.requestWillBeSentExtraInfo from tab: 1960181923
← Extension: Runtime.executionContextCreated sessionId=pw-tab-13kpcdvamyxj8-11
[Extension] [DEBUG] Forwarding CDP event: Network.requestWillBeSentExtraInfo from tab: 1960181923
→ Playwright [ALL]: Runtime.executionContextCreated sessionId=pw-tab-13kpcdvamyxj8-11
[Extension] [DEBUG] Forwarding CDP event: Network.requestWillBeSentExtraInfo from tab: 1960181923
[Extension] [DEBUG] Forwarding CDP event: Runtime.executionContextCreated from tab: 205602214
← Extension: Runtime.executionContextCreated sessionId=pw-tab-13kpcdvamyxj8-11
[Extension] [DEBUG] Forwarding CDP event: Network.requestWillBeSentExtraInfo from tab: 1960181923
→ Playwright [ALL]: Runtime.executionContextCreated sessionId=pw-tab-13kpcdvamyxj8-11
[Extension] [DEBUG] Forwarding CDP event: Network.responseReceivedExtraInfo from tab: 1960181923
[Extension] [DEBUG] Forwarding CDP event: Runtime.executionContextCreated from tab: 205602199
[Extension] [DEBUG] Forwarding CDP event: Network.requestWillBeSentExtraInfo from tab: 1960181923
← Extension: Runtime.executionContextCreated sessionId=pw-tab-13kpcdvamyxj8-1
→ Playwright [ALL]: Runtime.executionContextCreated sessionId=pw-tab-13kpcdvamyxj8-1
[Extension] [DEBUG] Forwarding CDP event: Network.requestWillBeSentExtraInfo from tab: 1960181923
[Extension] [DEBUG] Forwarding CDP event: Runtime.executionContextCreated from tab: 205602199
[Extension] [DEBUG] Forwarding CDP event: Network.requestWillBeSentExtraInfo from tab: 1960181923
← Extension: Runtime.executionContextCreated sessionId=pw-tab-13kpcdvamyxj8-1
[Extension] [DEBUG] Forwarding CDP event: Network.requestWillBeSentExtraInfo from tab: 1960181923
→ Playwright [ALL]: Runtime.executionContextCreated sessionId=pw-tab-13kpcdvamyxj8-1
[Extension] [DEBUG] Forwarding CDP event: Network.requestWillBeSentExtraInfo from tab: 1960181923
[Extension] [DEBUG] Forwarding CDP event: Network.requestWillBeSentExtraInfo from tab: 1960181923
[Extension] [DEBUG] Forwarding CDP event: Runtime.executionContextCreated from tab: 205602199
[Extension] [DEBUG] Forwarding CDP event: Network.requestWillBeSentExtraInfo from tab: 1960181923
← Extension: Runtime.executionContextCreated sessionId=pw-tab-13kpcdvamyxj8-1
[Extension] [DEBUG] Forwarding CDP event: Network.requestWillBeSentExtraInfo from tab: 1960181923
→ Playwright [ALL]: Runtime.executionContextCreated sessionId=pw-tab-13kpcdvamyxj8-1
[Extension] [DEBUG] Forwarding CDP event: Runtime.executionContextCreated from tab: 205602199
[Extension] [DEBUG] Forwarding CDP event: Network.requestWillBeSentExtraInfo from tab: 1960181923
← Extension: Runtime.executionContextCreated sessionId=pw-tab-13kpcdvamyxj8-1
[Extension] [DEBUG] Forwarding CDP event: Network.requestWillBeSentExtraInfo from tab: 1960181923
→ Playwright [ALL]: Runtime.executionContextCreated sessionId=pw-tab-13kpcdvamyxj8-1
[Extension] [DEBUG] Forwarding CDP event: Network.requestWillBeSentExtraInfo from tab: 1960181923
[Extension] [DEBUG] Forwarding CDP event: Runtime.executionContextCreated from tab: 205602199
[Extension] [DEBUG] Forwarding CDP event: Network.requestWillBeSentExtraInfo from tab: 1960181923
← Extension: Runtime.executionContextCreated sessionId=pw-tab-13kpcdvamyxj8-1
[Extension] [DEBUG] Forwarding CDP event: Network.requestWillBeSentExtraInfo from tab: 1960181923
→ Playwright [ALL]: Runtime.executionContextCreated sessionId=pw-tab-13kpcdvamyxj8-1
[Extension] [DEBUG] Forwarding CDP event: Network.requestWillBeSentExtraInfo from tab: 1960181923
[Extension] [DEBUG] Forwarding CDP event: Runtime.executionContextCreated from tab: 205602199
[Extension] [DEBUG] Forwarding CDP event: Network.requestWillBeSentExtraInfo from tab: 1960181923
← Extension: Runtime.executionContextCreated sessionId=pw-tab-13kpcdvamyxj8-1
[Extension] [DEBUG] Forwarding CDP event: Network.requestWillBeSentExtraInfo from tab: 1960181923
[Extension] [DEBUG] Forwarding CDP event: Network.responseReceivedExtraInfo from tab: 1960181923
→ Playwright [ALL]: Runtime.executionContextCreated sessionId=pw-tab-13kpcdvamyxj8-1
[Extension] [DEBUG] Forwarding CDP event: Network.responseReceivedExtraInfo from tab: 1960181923
[Extension] [DEBUG] Forwarding CDP event: Runtime.executionContextCreated from tab: 205602199
[Extension] [DEBUG] Forwarding CDP event: Network.responseReceivedExtraInfo from tab: 1960181923
[Extension] [DEBUG] Forwarding CDP event: Network.responseReceivedExtraInfo from tab: 1960181923
← Extension: Runtime.executionContextCreated sessionId=pw-tab-13kpcdvamyxj8-1
→ Playwright [ALL]: Runtime.executionContextCreated sessionId=pw-tab-13kpcdvamyxj8-1
[Extension] [DEBUG] Forwarding CDP event: Network.responseReceivedExtraInfo from tab: 1960181923
Playwright client disconnected: pwlqtgnpmj_1772663309827 (0 remaining)
[Extension] [DEBUG] Forwarding CDP event: Network.responseReceivedExtraInfo from tab: 1960181923
[Extension] [DEBUG] Forwarding CDP event: Network.requestWillBeSentExtraInfo from tab: 1960181923
[Extension] [DEBUG] Forwarding CDP event: Network.requestWillBeSentExtraInfo from tab: 1960181923
[Extension] [DEBUG] Forwarding CDP event: Network.requestWillBeSentExtraInfo from tab: 1960181923
[Extension] [DEBUG] Forwarding CDP event: Network.responseReceivedExtraInfo from tab: 1960181923
[Extension] [DEBUG] Forwarding CDP event: Network.requestWillBeSentExtraInfo from tab: 1960181923
[Extension] [DEBUG] Forwarding CDP event: Network.requestWillBeSentExtraInfo from tab: 1960181923
[Extension] [DEBUG] Forwarding CDP event: Network.requestWillBeSentExtraInfo from tab: 1960181923
[Extension] [DEBUG] Forwarding CDP event: Network.requestWillBeSentExtraInfo from tab: 1960181923
[Extension] [DEBUG] Forwarding CDP event: Network.requestWillBeSentExtraInfo from tab: 1960181923
[Extension] [DEBUG] Forwarding CDP event: Network.requestWillBeSentExtraInfo from tab: 1960181923
[Extension] [DEBUG] Forwarding CDP event: Network.requestWillBeSentExtraInfo from tab: 1960181923
[Extension] [DEBUG] Forwarding CDP event: Network.requestWillBeSentExtraInfo from tab: 1960181923
[Extension] [DEBUG] Forwarding CDP event: Network.requestWillBeSentExtraInfo from tab: 1960181923
[Extension] [DEBUG] Forwarding CDP event: Network.responseReceivedExtraInfo from tab: 1960181923
[Extension] [DEBUG] Forwarding CDP event: Network.responseReceivedExtraInfo from tab: 1960181923
[Extension] [DEBUG] Forwarding CDP event: Network.responseReceivedExtraInfo from tab: 1960181923
[Extension] [DEBUG] Forwarding CDP event: Network.responseReceivedExtraInfo from tab: 1960181923
[Extension] [DEBUG] Forwarding CDP event: Network.requestWillBeSentExtraInfo from tab: 1960181923
[Extension] [DEBUG] Forwarding CDP event: Network.requestWillBeSentExtraInfo from tab: 1960181923
[Extension] [DEBUG] Forwarding CDP event: Network.requestWillBeSentExtraInfo from tab: 1960181923
[Extension] [DEBUG] Forwarding CDP event: Network.requestWillBeSentExtraInfo from tab: 1960181923
[Extension] [DEBUG] Forwarding CDP event: Network.requestWillBeSentExtraInfo from tab: 1960181923
[Extension] [DEBUG] Forwarding CDP event: Network.requestWillBeSentExtraInfo from tab: 1960181923
[Extension] [DEBUG] Forwarding CDP event: Network.requestWillBeSentExtraInfo from tab: 1960181923
[Extension] [DEBUG] Forwarding CDP event: Network.requestWillBeSentExtraInfo from tab: 1960181923
[Extension] [DEBUG] Forwarding CDP event: Network.requestWillBeSentExtraInfo from tab: 1960181923
[Extension] [DEBUG] Forwarding CDP event: Network.responseReceivedExtraInfo from tab: 1960181923
[Extension] [DEBUG] Forwarding CDP event: Network.requestWillBeSentExtraInfo from tab: 1960181923
[Extension] [DEBUG] Forwarding CDP event: Network.requestWillBeSentExtraInfo from tab: 1960181923
[Extension] [DEBUG] Forwarding CDP event: Network.requestWillBeSentExtraInfo from tab: 1960181923
[Extension] [DEBUG] Forwarding CDP event: Network.responseReceivedExtraInfo from tab: 1960181923
[Extension] [DEBUG] Forwarding CDP event: Network.responseReceivedExtraInfo from tab: 1960181923
[Extension] [DEBUG] Forwarding CDP event: Network.responseReceivedExtraInfo from tab: 1960181923
[Extension] [DEBUG] Forwarding CDP event: Network.responseReceivedExtraInfo from tab: 1960181923
[Extension] [DEBUG] Forwarding CDP event: Network.requestWillBeSentExtraInfo from tab: 1960181923
[Extension] [DEBUG] Forwarding CDP event: Network.responseReceived from tab: 1960181923
[Extension] [DEBUG] Forwarding CDP event: Network.dataReceived from tab: 1960181923
[Extension] [DEBUG] Forwarding CDP event: Network.responseReceived from tab: 1960181923
[Extension] [DEBUG] Forwarding CDP event: Network.dataReceived from tab: 1960181923
[Extension] [DEBUG] Forwarding CDP event: Network.responseReceived from tab: 1960181923
[Extension] [DEBUG] Forwarding CDP event: Network.loadingFinished from tab: 1960181923
[Extension] [DEBUG] Forwarding CDP event: Network.loadingFinished from tab: 1960181923
[Extension] [DEBUG] Forwarding CDP event: Network.dataReceived from tab: 1960181923
[Extension] [DEBUG] Forwarding CDP event: Network.dataReceived from tab: 1960181923
[Extension] [DEBUG] Forwarding CDP event: Network.loadingFinished from tab: 1960181923
[Extension] [DEBUG] Forwarding CDP event: Network.responseReceived from tab: 1960181923
[Extension] [DEBUG] Forwarding CDP event: Network.responseReceived from tab: 1960181923
[Extension] [DEBUG] Forwarding CDP event: Network.dataReceived from tab: 1960181923
[Extension] [DEBUG] Forwarding CDP event: Network.dataReceived from tab: 1960181923
[Extension] [DEBUG] Forwarding CDP event: Network.responseReceived from tab: 1960181923
[Extension] [DEBUG] Forwarding CDP event: Network.dataReceived from tab: 1960181923
[Extension] [DEBUG] Forwarding CDP event: Network.responseReceived from tab: 1960181923
[Extension] [DEBUG] Forwarding CDP event: Network.dataReceived from tab: 1960181923
[Extension] [DEBUG] Forwarding CDP event: Network.responseReceived from tab: 1960181923
[Extension] [DEBUG] Forwarding CDP event: Network.dataReceived from tab: 1960181923
[Extension] [DEBUG] Forwarding CDP event: Network.responseReceived from tab: 1960181923
[Extension] [DEBUG] Forwarding CDP event: Network.dataReceived from tab: 1960181923
[Extension] [DEBUG] Forwarding CDP event: Network.responseReceived from tab: 1960181923
[Extension] [DEBUG] Forwarding CDP event: Network.dataReceived from tab: 1960181923
[Extension] [DEBUG] Forwarding CDP event: Network.responseReceived from tab: 1960181923
[Extension] [DEBUG] Forwarding CDP event: Network.dataReceived from tab: 1960181923
[Extension] [DEBUG] Forwarding CDP event: Network.loadingFinished from tab: 1960181923
[Extension] [DEBUG] Forwarding CDP event: Network.loadingFinished from tab: 1960181923
[Extension] [DEBUG] Forwarding CDP event: Network.loadingFinished from tab: 1960181923
[Extension] [DEBUG] Forwarding CDP event: Network.loadingFinished from tab: 1960181923
[Extension] [DEBUG] Forwarding CDP event: Network.dataReceived from tab: 1960181923
[Extension] [DEBUG] Forwarding CDP event: Network.loadingFinished from tab: 1960181923
[Extension] [DEBUG] Forwarding CDP event: Network.dataReceived from tab: 1960181923
[Extension] [DEBUG] Forwarding CDP event: Network.loadingFinished from tab: 1960181923
[Extension] [DEBUG] Forwarding CDP event: Network.loadingFinished from tab: 1960181923
[Extension] [DEBUG] Forwarding CDP event: Network.dataReceived from tab: 1960181923
[Extension] [DEBUG] Forwarding CDP event: Network.loadingFinished from tab: 1960181923
[Extension] [DEBUG] Forwarding CDP event: Network.responseReceived from tab: 1960181923
[Extension] [DEBUG] Forwarding CDP event: Network.dataReceived from tab: 1960181923
[Extension] [DEBUG] Forwarding CDP event: Network.responseReceived from tab: 1960181923
[Extension] [DEBUG] Forwarding CDP event: Network.dataReceived from tab: 1960181923
[Extension] [DEBUG] Forwarding CDP event: Network.responseReceived from tab: 1960181923
[Extension] [DEBUG] Forwarding CDP event: Network.dataReceived from tab: 1960181923
[Extension] [DEBUG] Forwarding CDP event: Network.responseReceived from tab: 1960181923
[Extension] [DEBUG] Forwarding CDP event: Network.dataReceived from tab: 1960181923
[Extension] [DEBUG] Forwarding CDP event: Network.responseReceived from tab: 1960181923
[Extension] [DEBUG] Forwarding CDP event: Network.dataReceived from tab: 1960181923
[Extension] [DEBUG] Forwarding CDP event: Network.responseReceived from tab: 1960181923
[Extension] [DEBUG] Forwarding CDP event: Network.dataReceived from tab: 1960181923
[Extension] [DEBUG] Forwarding CDP event: Network.responseReceived from tab: 1960181923
[Extension] [DEBUG] Forwarding CDP event: Network.dataReceived from tab: 1960181923
[Extension] [DEBUG] Forwarding CDP event: Network.responseReceived from tab: 1960181923
[Extension] [DEBUG] Forwarding CDP event: Network.loadingFinished from tab: 1960181923
[Extension] [DEBUG] Forwarding CDP event: Network.loadingFinished from tab: 1960181923
[Extension] [DEBUG] Forwarding CDP event: Network.dataReceived from tab: 1960181923
[Extension] [DEBUG] Forwarding CDP event: Network.loadingFinished from tab: 1960181923
[Extension] [DEBUG] Forwarding CDP event: Network.dataReceived from tab: 1960181923
[Extension] [DEBUG] Forwarding CDP event: Network.loadingFinished from tab: 1960181923
[Extension] [DEBUG] Forwarding CDP event: Network.loadingFinished from tab: 1960181923
[Extension] [DEBUG] Forwarding CDP event: Network.loadingFinished from tab: 1960181923
[Extension] [DEBUG] Forwarding CDP event: Network.loadingFinished from tab: 1960181923
[Extension] [DEBUG] Forwarding CDP event: Network.dataReceived from tab: 1960181923
[Extension] [DEBUG] Forwarding CDP event: Network.dataReceived from tab: 1960181923
[Extension] [DEBUG] Forwarding CDP event: Network.loadingFinished from tab: 1960181923
[Extension] [DEBUG] Forwarding CDP event: Network.responseReceived from tab: 1960181923
[Extension] [DEBUG] Forwarding CDP event: Network.dataReceived from tab: 1960181923
[Extension] [DEBUG] Forwarding CDP event: Network.responseReceived from tab: 1960181923
[Extension] [DEBUG] Forwarding CDP event: Network.dataReceived from tab: 1960181923
[Extension] [DEBUG] Forwarding CDP event: Network.responseReceived from tab: 1960181923
[Extension] [DEBUG] Forwarding CDP event: Network.dataReceived from tab: 1960181923
[Extension] [DEBUG] Forwarding CDP event: Network.responseReceived from tab: 1960181923
[Extension] [DEBUG] Forwarding CDP event: Network.dataReceived from tab: 1960181923
[Extension] [DEBUG] Forwarding CDP event: Network.responseReceived from tab: 1960181923
[Extension] [DEBUG] Forwarding CDP event: Network.dataReceived from tab: 1960181923
[Extension] [DEBUG] Forwarding CDP event: Network.responseReceived from tab: 1960181923
[Extension] [DEBUG] Forwarding CDP event: Network.dataReceived from tab: 1960181923
[Extension] [DEBUG] Forwarding CDP event: Network.responseReceived from tab: 1960181923
[Extension] [DEBUG] Forwarding CDP event: Network.dataReceived from tab: 1960181923
[Extension] [DEBUG] Forwarding CDP event: Network.responseReceived from tab: 1960181923
[Extension] [DEBUG] Forwarding CDP event: Network.dataReceived from tab: 1960181923
[Extension] [DEBUG] Forwarding CDP event: Network.responseReceived from tab: 1960181923
[Extension] [DEBUG] Forwarding CDP event: Network.dataReceived from tab: 1960181923
[Extension] [DEBUG] Forwarding CDP event: Network.responseReceived from tab: 1960181923
[Extension] [DEBUG] Forwarding CDP event: Network.dataReceived from tab: 1960181923
[Extension] [DEBUG] Forwarding CDP event: Network.responseReceived from tab: 1960181923
[Extension] [DEBUG] Forwarding CDP event: Network.loadingFinished from tab: 1960181923
[Extension] [DEBUG] Forwarding CDP event: Network.loadingFinished from tab: 1960181923
Playwright client connected: i9r6jzk67uq_1772663310031 (1 total) (extension? true) (2 pages)
← Playwright [i9r6jzk67uq_1772663310031]: Browser.getVersion id=1
← Playwright [i9r6jzk67uq_1772663310031]: Target.setAutoAttach id=2
[Extension] [DEBUG] Forwarding CDP event: Network.loadingFinished from tab: 1960181923
[Extension] [DEBUG] Forwarding CDP event: Network.loadingFinished from tab: 1960181923
[Extension] [DEBUG] Forwarding CDP event: Network.loadingFinished from tab: 1960181923
[Extension] [DEBUG] Forwarding CDP event: Network.loadingFinished from tab: 1960181923
[Extension] [DEBUG] Forwarding CDP event: Network.loadingFinished from tab: 1960181923
[Extension] [DEBUG] Forwarding CDP event: Network.loadingFinished from tab: 1960181923
[Extension] [DEBUG] Forwarding CDP event: Network.loadingFinished from tab: 1960181923
[Extension] [DEBUG] Forwarding CDP event: Network.loadingFinished from tab: 1960181923
[Extension] [DEBUG] Forwarding CDP event: Network.dataReceived from tab: 1960181923
[Extension] [DEBUG] Forwarding CDP event: Network.dataReceived from tab: 1960181923
[Extension] [DEBUG] Forwarding CDP event: Network.loadingFinished from tab: 1960181923
[Extension] [DEBUG] Forwarding CDP event: Network.responseReceived from tab: 1960181923
[Extension] [DEBUG] Forwarding CDP event: Network.dataReceived from tab: 1960181923
[Extension] [DEBUG] Forwarding CDP event: Network.responseReceived from tab: 1960181923
[Extension] [DEBUG] Forwarding CDP event: Network.dataReceived from tab: 1960181923
[Extension] [DEBUG] Forwarding CDP event: Network.responseReceived from tab: 1960181923
[Extension] [DEBUG] Forwarding CDP event: Network.dataReceived from tab: 1960181923
[Extension] [DEBUG] Forwarding CDP event: Network.responseReceived from tab: 1960181923
[Extension] [DEBUG] Forwarding CDP event: Network.dataReceived from tab: 1960181923
[Extension] [DEBUG] Forwarding CDP event: Network.responseReceived from tab: 1960181923
[Extension] [DEBUG] Forwarding CDP event: Network.dataReceived from tab: 1960181923
[Extension] [DEBUG] Forwarding CDP event: Network.responseReceived from tab: 1960181923
[Extension] [DEBUG] Forwarding CDP event: Network.dataReceived from tab: 1960181923
[Extension] [DEBUG] Forwarding CDP event: Network.responseReceived from tab: 1960181923
[Extension] [DEBUG] Forwarding CDP event: Network.dataReceived from tab: 1960181923
[Extension] [DEBUG] Forwarding CDP event: Network.responseReceived from tab: 1960181923
[Extension] [DEBUG] Forwarding CDP event: Network.dataReceived from tab: 1960181923
[Extension] [DEBUG] Forwarding CDP event: Network.responseReceived from tab: 1960181923
[Extension] [DEBUG] Forwarding CDP event: Network.dataReceived from tab: 1960181923
[Extension] [DEBUG] Forwarding CDP event: Network.responseReceived from tab: 1960181923
[Extension] [DEBUG] Forwarding CDP event: Network.dataReceived from tab: 1960181923
← Playwright [i9r6jzk67uq_1772663310031]: Browser.setDownloadBehavior id=3
[Extension] [DEBUG] Forwarding CDP event: Network.responseReceived from tab: 1960181923
[Server] Target.attachedToTarget full payload: {"method":"Target.attachedToTarget","params":{"sessionId":"pw-tab-13kpcdvamyxj8-1","targetInfo":{"attached":true,"browserContextId":"32732A5B1AED29F7725478B021AC3D92","canAccessOpener":false,"targetId":"0EF45717F197C7F8558E16FCAEF3BFB8","title":"about:blank","type":"page","url":"about:blank"},"waitingForDebugger":false}}
[Extension] [DEBUG] Forwarding CDP event: Network.dataReceived from tab: 1960181923
[Extension] [DEBUG] Forwarding CDP event: Network.responseReceived from tab: 1960181923
→ Playwright [i9r6jzk67uq_1772663310031]: Target.attachedToTarget targetId=0EF45717F197C7F8558E16FCAEF3BFB8, sessionId=pw-tab-13kpcdvamyxj8-1 (server-generated)
[Extension] [DEBUG] Forwarding CDP event: Network.dataReceived from tab: 1960181923
[Server] Target.attachedToTarget full payload: {"method":"Target.attachedToTarget","params":{"sessionId":"pw-tab-13kpcdvamyxj8-11","targetInfo":{"attached":true,"browserContextId":"32732A5B1AED29F7725478B021AC3D92","canAccessOpener":false,"targetId":"37A191C08F448915A2B15DE965511E92","title":"Example Domain","type":"page","url":"https://example.com/repeated-test"},"waitingForDebugger":false}}
[Extension] [DEBUG] Forwarding CDP event: Network.responseReceived from tab: 1960181923
→ Playwright [i9r6jzk67uq_1772663310031]: Target.attachedToTarget targetId=37A191C08F448915A2B15DE965511E92, sessionId=pw-tab-13kpcdvamyxj8-11 (server-generated)
[Extension] [DEBUG] Forwarding CDP event: Network.dataReceived from tab: 1960181923
← Playwright [i9r6jzk67uq_1772663310031]: Page.enable id=4, sessionId=pw-tab-13kpcdvamyxj8-1
[Extension] [DEBUG] Forwarding CDP event: Network.responseReceived from tab: 1960181923
← Playwright [i9r6jzk67uq_1772663310031]: Page.getFrameTree id=5, sessionId=pw-tab-13kpcdvamyxj8-1
[Extension] [DEBUG] Forwarding CDP event: Network.dataReceived from tab: 1960181923
[Extension] [DEBUG] Forwarding CDP event: Network.responseReceived from tab: 1960181923
← Playwright [i9r6jzk67uq_1772663310031]: Log.enable id=6, sessionId=pw-tab-13kpcdvamyxj8-1
[Extension] [DEBUG] Forwarding CDP event: Network.dataReceived from tab: 1960181923
← Playwright [i9r6jzk67uq_1772663310031]: Page.setLifecycleEventsEnabled id=7, sessionId=pw-tab-13kpcdvamyxj8-1
[Extension] [DEBUG] Forwarding CDP event: Network.responseReceived from tab: 1960181923
← Playwright [i9r6jzk67uq_1772663310031]: Runtime.enable id=8, sessionId=pw-tab-13kpcdvamyxj8-1
[Extension] [DEBUG] Forwarding CDP event: Network.dataReceived from tab: 1960181923
[Extension] [DEBUG] Forwarding CDP event: Network.loadingFinished from tab: 1960181923
← Playwright [i9r6jzk67uq_1772663310031]: Page.addScriptToEvaluateOnNewDocument id=9, sessionId=pw-tab-13kpcdvamyxj8-1
[Extension] [DEBUG] Forwarding CDP event: Network.loadingFinished from tab: 1960181923
← Playwright [i9r6jzk67uq_1772663310031]: Network.enable id=10, sessionId=pw-tab-13kpcdvamyxj8-1
← Playwright [i9r6jzk67uq_1772663310031]: Target.setAutoAttach id=11, sessionId=pw-tab-13kpcdvamyxj8-1
[Extension] [DEBUG] Forwarding CDP event: Network.loadingFinished from tab: 1960181923
[Extension] [DEBUG] Forwarding CDP event: Network.loadingFinished from tab: 1960181923
← Playwright [i9r6jzk67uq_1772663310031]: Emulation.setFocusEmulationEnabled id=12, sessionId=pw-tab-13kpcdvamyxj8-1
← Playwright [i9r6jzk67uq_1772663310031]: Emulation.setEmulatedMedia id=13, sessionId=pw-tab-13kpcdvamyxj8-1
[Extension] [DEBUG] Forwarding CDP event: Network.loadingFinished from tab: 1960181923
← Playwright [i9r6jzk67uq_1772663310031]: Runtime.runIfWaitingForDebugger id=14, sessionId=pw-tab-13kpcdvamyxj8-1
[Extension] [DEBUG] Forwarding CDP event: Network.loadingFinished from tab: 1960181923
← Playwright [i9r6jzk67uq_1772663310031]: Page.enable id=15, sessionId=pw-tab-13kpcdvamyxj8-11
[Extension] [DEBUG] Forwarding CDP event: Network.loadingFinished from tab: 1960181923
[Extension] [DEBUG] Forwarding CDP event: Network.loadingFinished from tab: 1960181923
← Playwright [i9r6jzk67uq_1772663310031]: Page.getFrameTree id=16, sessionId=pw-tab-13kpcdvamyxj8-11
[Extension] [DEBUG] Forwarding CDP event: Network.loadingFinished from tab: 1960181923
← Playwright [i9r6jzk67uq_1772663310031]: Log.enable id=17, sessionId=pw-tab-13kpcdvamyxj8-11
[Extension] [DEBUG] Forwarding CDP event: Network.loadingFinished from tab: 1960181923
← Playwright [i9r6jzk67uq_1772663310031]: Page.setLifecycleEventsEnabled id=18, sessionId=pw-tab-13kpcdvamyxj8-11
[Extension] [DEBUG] Forwarding CDP event: Network.loadingFinished from tab: 1960181923
← Playwright [i9r6jzk67uq_1772663310031]: Runtime.enable id=19, sessionId=pw-tab-13kpcdvamyxj8-11
[Extension] [DEBUG] Forwarding CDP event: Network.dataReceived from tab: 1960181923
← Playwright [i9r6jzk67uq_1772663310031]: Page.addScriptToEvaluateOnNewDocument id=20, sessionId=pw-tab-13kpcdvamyxj8-11
[Extension] [DEBUG] Forwarding CDP event: Network.loadingFinished from tab: 1960181923
← Playwright [i9r6jzk67uq_1772663310031]: Network.enable id=21, sessionId=pw-tab-13kpcdvamyxj8-11
[Extension] [DEBUG] Forwarding CDP event: Network.loadingFinished from tab: 1960181923
← Playwright [i9r6jzk67uq_1772663310031]: Target.setAutoAttach id=22, sessionId=pw-tab-13kpcdvamyxj8-11
[Extension] [DEBUG] Forwarding CDP event: Network.loadingFinished from tab: 1960181923
← Playwright [i9r6jzk67uq_1772663310031]: Emulation.setFocusEmulationEnabled id=23, sessionId=pw-tab-13kpcdvamyxj8-11
[Extension] [DEBUG] Forwarding CDP event: Network.loadingFinished from tab: 1960181923
← Playwright [i9r6jzk67uq_1772663310031]: Emulation.setEmulatedMedia id=24, sessionId=pw-tab-13kpcdvamyxj8-11
[Extension] [DEBUG] Forwarding CDP event: Network.loadingFinished from tab: 1960181923
[Extension] [DEBUG] Forwarding CDP event: Network.responseReceived from tab: 1960181923
← Playwright [i9r6jzk67uq_1772663310031]: Runtime.runIfWaitingForDebugger id=25, sessionId=pw-tab-13kpcdvamyxj8-11
[Extension] [DEBUG] Forwarding CDP event: Network.dataReceived from tab: 1960181923
← Playwright [i9r6jzk67uq_1772663310031]: Target.getTargetInfo id=26
[Extension] [DEBUG] CDP command: Page.enable for tab: 205602199
[Extension] [DEBUG] Forwarding CDP event: Network.responseReceived from tab: 1960181923
[Extension] [DEBUG] CDP command: Page.getFrameTree for tab: 205602199
[Extension] [DEBUG] Forwarding CDP event: Network.dataReceived from tab: 1960181923
[Extension] [DEBUG] CDP command: Log.enable for tab: 205602199
[Extension] [DEBUG] Forwarding CDP event: Network.responseReceived from tab: 1960181923
[Extension] [DEBUG] CDP command: Page.setLifecycleEventsEnabled for tab: 205602199
[Extension] [DEBUG] Forwarding CDP event: Network.responseReceived from tab: 1960181923
[Extension] [DEBUG] CDP command: Page.addScriptToEvaluateOnNewDocument for tab: 205602199
[Extension] [DEBUG] CDP command: Network.enable for tab: 205602199
[Extension] [DEBUG] Forwarding CDP event: Network.dataReceived from tab: 1960181923
[Extension] [DEBUG] CDP command: Target.setAutoAttach for tab: 205602199
[Extension] [DEBUG] Forwarding CDP event: Network.responseReceived from tab: 1960181923
[Extension] [DEBUG] CDP command: Emulation.setFocusEmulationEnabled for tab: 205602199
[Extension] [DEBUG] Forwarding CDP event: Network.dataReceived from tab: 1960181923
[Extension] [DEBUG] CDP command: Emulation.setEmulatedMedia for tab: 205602199
[Extension] [DEBUG] Forwarding CDP event: Network.dataReceived from tab: 1960181923
[Extension] [DEBUG] CDP command: Runtime.runIfWaitingForDebugger for tab: 205602199
[Extension] [DEBUG] Forwarding CDP event: Network.responseReceived from tab: 1960181923
[Extension] [DEBUG] CDP command: Page.enable for tab: 205602214
[Extension] [DEBUG] CDP command: Page.getFrameTree for tab: 205602214
[Extension] [DEBUG] Forwarding CDP event: Network.responseReceived from tab: 1960181923
[Extension] [DEBUG] CDP command: Log.enable for tab: 205602214
[Extension] [DEBUG] Forwarding CDP event: Network.dataReceived from tab: 1960181923
[Extension] [DEBUG] CDP command: Page.setLifecycleEventsEnabled for tab: 205602214
[Extension] [DEBUG] Forwarding CDP event: Network.dataReceived from tab: 1960181923
[Extension] [DEBUG] Forwarding CDP event: Network.responseReceived from tab: 1960181923
[Extension] [DEBUG] CDP command: Page.addScriptToEvaluateOnNewDocument for tab: 205602214
[Extension] [DEBUG] Forwarding CDP event: Network.dataReceived from tab: 1960181923
[Extension] [DEBUG] CDP command: Network.enable for tab: 205602214
[Extension] [DEBUG] Forwarding CDP event: Network.responseReceived from tab: 1960181923
[Extension] [DEBUG] CDP command: Target.setAutoAttach for tab: 205602214
[Extension] [DEBUG] Forwarding CDP event: Network.dataReceived from tab: 1960181923
[Extension] [DEBUG] CDP command: Emulation.setFocusEmulationEnabled for tab: 205602214
[Extension] [DEBUG] Forwarding CDP event: Network.responseReceived from tab: 1960181923
[Extension] [DEBUG] CDP command: Emulation.setEmulatedMedia for tab: 205602214
[Extension] [DEBUG] Forwarding CDP event: Network.dataReceived from tab: 1960181923
[Extension] [DEBUG] CDP command: Runtime.runIfWaitingForDebugger for tab: 205602214
[Extension] [DEBUG] Forwarding CDP event: Network.responseReceived from tab: 1960181923
[Extension] [DEBUG] Forwarding CDP event: Page.lifecycleEvent from tab: 205602199
← Extension: Page.lifecycleEvent sessionId=pw-tab-13kpcdvamyxj8-1
[Extension] [DEBUG] Forwarding CDP event: Network.dataReceived from tab: 1960181923
→ Playwright [ALL]: Page.lifecycleEvent sessionId=pw-tab-13kpcdvamyxj8-1
[Extension] [DEBUG] Forwarding CDP event: Network.responseReceived from tab: 1960181923
[Extension] [DEBUG] Forwarding CDP event: Page.lifecycleEvent from tab: 205602199
[Extension] [DEBUG] Forwarding CDP event: Network.dataReceived from tab: 1960181923
← Extension: Page.lifecycleEvent sessionId=pw-tab-13kpcdvamyxj8-1
[Extension] [DEBUG] Forwarding CDP event: Network.responseReceived from tab: 1960181923
[Extension] [DEBUG] Forwarding CDP event: Network.loadingFinished from tab: 1960181923
→ Playwright [ALL]: Page.lifecycleEvent sessionId=pw-tab-13kpcdvamyxj8-1
[Extension] [DEBUG] Forwarding CDP event: Network.dataReceived from tab: 1960181923
[Extension] [DEBUG] Forwarding CDP event: Page.lifecycleEvent from tab: 205602199
[Extension] [DEBUG] Forwarding CDP event: Network.loadingFinished from tab: 1960181923
← Extension: Page.lifecycleEvent sessionId=pw-tab-13kpcdvamyxj8-1
[Extension] [DEBUG] Forwarding CDP event: Network.loadingFinished from tab: 1960181923
→ Playwright [ALL]: Page.lifecycleEvent sessionId=pw-tab-13kpcdvamyxj8-1
[Extension] [DEBUG] Forwarding CDP event: Network.loadingFinished from tab: 1960181923
[Extension] [DEBUG] Forwarding CDP event: Page.lifecycleEvent from tab: 205602199
[Extension] [DEBUG] Forwarding CDP event: Network.loadingFinished from tab: 1960181923
← Extension: Page.lifecycleEvent sessionId=pw-tab-13kpcdvamyxj8-1
[Extension] [DEBUG] Forwarding CDP event: Network.loadingFinished from tab: 1960181923
→ Playwright [ALL]: Page.lifecycleEvent sessionId=pw-tab-13kpcdvamyxj8-1
[Extension] [DEBUG] Forwarding CDP event: Network.loadingFinished from tab: 1960181923
[Extension] [DEBUG] Forwarding CDP event: Page.lifecycleEvent from tab: 205602199
[Extension] [DEBUG] Forwarding CDP event: Network.loadingFinished from tab: 1960181923
← Extension: Page.lifecycleEvent sessionId=pw-tab-13kpcdvamyxj8-1
[Extension] [DEBUG] Forwarding CDP event: Network.loadingFinished from tab: 1960181923
→ Playwright [ALL]: Page.lifecycleEvent sessionId=pw-tab-13kpcdvamyxj8-1
[Extension] [DEBUG] Forwarding CDP event: Network.loadingFinished from tab: 1960181923
[Extension] [DEBUG] Forwarding CDP event: Page.lifecycleEvent from tab: 205602214
[Extension] [DEBUG] Forwarding CDP event: Network.loadingFinished from tab: 1960181923
← Extension: Page.lifecycleEvent sessionId=pw-tab-13kpcdvamyxj8-11
[Extension] [DEBUG] Forwarding CDP event: Network.dataReceived from tab: 1960181923
→ Playwright [ALL]: Page.lifecycleEvent sessionId=pw-tab-13kpcdvamyxj8-11
[Extension] [DEBUG] Forwarding CDP event: Network.loadingFinished from tab: 1960181923
[Extension] [DEBUG] Forwarding CDP event: Page.lifecycleEvent from tab: 205602214
[Extension] [DEBUG] Forwarding CDP event: Network.loadingFinished from tab: 1960181923
[Extension] [DEBUG] Forwarding CDP event: Network.requestWillBeSentExtraInfo from tab: 1960181923
← Extension: Page.lifecycleEvent sessionId=pw-tab-13kpcdvamyxj8-11
→ Playwright [ALL]: Page.lifecycleEvent sessionId=pw-tab-13kpcdvamyxj8-11
[Extension] [DEBUG] Forwarding CDP event: Network.responseReceivedExtraInfo from tab: 1960181923
[Extension] [DEBUG] Forwarding CDP event: Network.responseReceivedExtraInfo from tab: 1960181923
[Extension] [DEBUG] Forwarding CDP event: Page.lifecycleEvent from tab: 205602214
[Extension] [DEBUG] Forwarding CDP event: Network.responseReceivedExtraInfo from tab: 1960181923
← Extension: Page.lifecycleEvent sessionId=pw-tab-13kpcdvamyxj8-11
[Extension] [DEBUG] Forwarding CDP event: Network.responseReceivedExtraInfo from tab: 1960181923
→ Playwright [ALL]: Page.lifecycleEvent sessionId=pw-tab-13kpcdvamyxj8-11
[Extension] [DEBUG] Forwarding CDP event: Network.responseReceivedExtraInfo from tab: 1960181923
[Extension] [DEBUG] Forwarding CDP event: Page.lifecycleEvent from tab: 205602214
[Extension] [DEBUG] Forwarding CDP event: Network.responseReceivedExtraInfo from tab: 1960181923
← Extension: Page.lifecycleEvent sessionId=pw-tab-13kpcdvamyxj8-11
[Extension] [DEBUG] Forwarding CDP event: Network.responseReceivedExtraInfo from tab: 1960181923
→ Playwright [ALL]: Page.lifecycleEvent sessionId=pw-tab-13kpcdvamyxj8-11
[Extension] [DEBUG] Forwarding CDP event: Network.responseReceivedExtraInfo from tab: 1960181923
[Extension] [DEBUG] Forwarding CDP event: Page.lifecycleEvent from tab: 205602214
[Extension] [DEBUG] Forwarding CDP event: Network.responseReceivedExtraInfo from tab: 1960181923
[Extension] [DEBUG] Forwarding CDP event: Network.responseReceivedExtraInfo from tab: 1960181923
← Extension: Page.lifecycleEvent sessionId=pw-tab-13kpcdvamyxj8-11
[Extension] [DEBUG] Forwarding CDP event: Network.responseReceivedExtraInfo from tab: 1960181923
[Extension] [DEBUG] Forwarding CDP event: Network.responseReceivedExtraInfo from tab: 1960181923
→ Playwright [ALL]: Page.lifecycleEvent sessionId=pw-tab-13kpcdvamyxj8-11
[Extension] [DEBUG] Forwarding CDP event: Network.responseReceivedExtraInfo from tab: 1960181923
[Extension] [DEBUG] Forwarding CDP event: Runtime.executionContextCreated from tab: 205602199
[Extension] [DEBUG] Forwarding CDP event: Network.responseReceivedExtraInfo from tab: 1960181923
← Extension: Runtime.executionContextCreated sessionId=pw-tab-13kpcdvamyxj8-1
[Extension] [DEBUG] Forwarding CDP event: Network.responseReceivedExtraInfo from tab: 1960181923
→ Playwright [ALL]: Runtime.executionContextCreated sessionId=pw-tab-13kpcdvamyxj8-1
[Extension] [DEBUG] Forwarding CDP event: Network.responseReceivedExtraInfo from tab: 1960181923
[Extension] [DEBUG] Forwarding CDP event: Runtime.executionContextCreated from tab: 205602199
[Extension] [DEBUG] Forwarding CDP event: Network.responseReceivedExtraInfo from tab: 1960181923
[Extension] [DEBUG] Forwarding CDP event: Network.responseReceivedExtraInfo from tab: 1960181923
← Extension: Runtime.executionContextCreated sessionId=pw-tab-13kpcdvamyxj8-1
[Extension] [DEBUG] Forwarding CDP event: Network.responseReceivedExtraInfo from tab: 1960181923
[Extension] [DEBUG] Forwarding CDP event: Network.responseReceivedExtraInfo from tab: 1960181923
→ Playwright [ALL]: Runtime.executionContextCreated sessionId=pw-tab-13kpcdvamyxj8-1
[Extension] [DEBUG] Forwarding CDP event: Network.responseReceivedExtraInfo from tab: 1960181923
[Extension] [DEBUG] Forwarding CDP event: Runtime.executionContextCreated from tab: 205602214
[Extension] [DEBUG] Forwarding CDP event: Network.responseReceivedExtraInfo from tab: 1960181923
← Extension: Runtime.executionContextCreated sessionId=pw-tab-13kpcdvamyxj8-11
[Extension] [DEBUG] Forwarding CDP event: Network.responseReceivedExtraInfo from tab: 1960181923
→ Playwright [ALL]: Runtime.executionContextCreated sessionId=pw-tab-13kpcdvamyxj8-11
[Extension] [DEBUG] Forwarding CDP event: Network.responseReceivedExtraInfo from tab: 1960181923
[Extension] [DEBUG] Forwarding CDP event: Runtime.executionContextCreated from tab: 205602214
[Extension] [DEBUG] Forwarding CDP event: Network.responseReceivedExtraInfo from tab: 1960181923
← Extension: Runtime.executionContextCreated sessionId=pw-tab-13kpcdvamyxj8-11
[Extension] [DEBUG] Forwarding CDP event: Network.responseReceivedExtraInfo from tab: 1960181923
→ Playwright [ALL]: Runtime.executionContextCreated sessionId=pw-tab-13kpcdvamyxj8-11
[Extension] [DEBUG] Forwarding CDP event: Network.responseReceivedExtraInfo from tab: 1960181923
[Extension] [DEBUG] Forwarding CDP event: Runtime.executionContextCreated from tab: 205602214
[Extension] [DEBUG] Forwarding CDP event: Network.responseReceivedExtraInfo from tab: 1960181923
[Extension] [DEBUG] Forwarding CDP event: Network.responseReceivedExtraInfo from tab: 1960181923
← Extension: Runtime.executionContextCreated sessionId=pw-tab-13kpcdvamyxj8-11
[Extension] [DEBUG] Forwarding CDP event: Network.responseReceivedExtraInfo from tab: 1960181923
→ Playwright [ALL]: Runtime.executionContextCreated sessionId=pw-tab-13kpcdvamyxj8-11
[Extension] [DEBUG] Forwarding CDP event: Network.responseReceivedExtraInfo from tab: 1960181923
[Extension] [DEBUG] Forwarding CDP event: Runtime.executionContextCreated from tab: 205602199
← Extension: Runtime.executionContextCreated sessionId=pw-tab-13kpcdvamyxj8-1
[Extension] [DEBUG] Forwarding CDP event: Network.responseReceivedExtraInfo from tab: 1960181923
→ Playwright [ALL]: Runtime.executionContextCreated sessionId=pw-tab-13kpcdvamyxj8-1
[Extension] [DEBUG] Forwarding CDP event: Runtime.executionContextCreated from tab: 205602199
← Extension: Runtime.executionContextCreated sessionId=pw-tab-13kpcdvamyxj8-1
→ Playwright [ALL]: Runtime.executionContextCreated sessionId=pw-tab-13kpcdvamyxj8-1
[Extension] [DEBUG] Forwarding CDP event: Network.responseReceivedExtraInfo from tab: 1960181923
[Extension] [DEBUG] Forwarding CDP event: Runtime.executionContextCreated from tab: 205602214
[Extension] [DEBUG] Forwarding CDP event: Network.responseReceivedExtraInfo from tab: 1960181923
← Extension: Runtime.executionContextCreated sessionId=pw-tab-13kpcdvamyxj8-11
[Extension] [DEBUG] Forwarding CDP event: Network.responseReceivedExtraInfo from tab: 1960181923
→ Playwright [ALL]: Runtime.executionContextCreated sessionId=pw-tab-13kpcdvamyxj8-11
[Extension] [DEBUG] Forwarding CDP event: Network.responseReceivedExtraInfo from tab: 1960181923
[Extension] [DEBUG] Forwarding CDP event: Runtime.executionContextCreated from tab: 205602199
[Extension] [DEBUG] Forwarding CDP event: Network.responseReceivedExtraInfo from tab: 1960181923
[Extension] [DEBUG] Forwarding CDP event: Network.responseReceivedExtraInfo from tab: 1960181923
[Extension] [DEBUG] Forwarding CDP event: Network.responseReceivedExtraInfo from tab: 1960181923
← Extension: Runtime.executionContextCreated sessionId=pw-tab-13kpcdvamyxj8-1
→ Playwright [ALL]: Runtime.executionContextCreated sessionId=pw-tab-13kpcdvamyxj8-1
[Extension] [DEBUG] Forwarding CDP event: Network.responseReceivedExtraInfo from tab: 1960181923
[Extension] [DEBUG] Forwarding CDP event: Network.responseReceivedExtraInfo from tab: 1960181923
[Extension] [DEBUG] Forwarding CDP event: Runtime.executionContextCreated from tab: 205602199
[Extension] [DEBUG] Forwarding CDP event: Network.responseReceivedExtraInfo from tab: 1960181923
← Extension: Runtime.executionContextCreated sessionId=pw-tab-13kpcdvamyxj8-1
→ Playwright [ALL]: Runtime.executionContextCreated sessionId=pw-tab-13kpcdvamyxj8-1
[Extension] [DEBUG] Forwarding CDP event: Runtime.executionContextCreated from tab: 205602199
← Extension: Runtime.executionContextCreated sessionId=pw-tab-13kpcdvamyxj8-1
→ Playwright [ALL]: Runtime.executionContextCreated sessionId=pw-tab-13kpcdvamyxj8-1
[Extension] [DEBUG] Forwarding CDP event: Runtime.executionContextCreated from tab: 205602199
← Extension: Runtime.executionContextCreated sessionId=pw-tab-13kpcdvamyxj8-1
→ Playwright [ALL]: Runtime.executionContextCreated sessionId=pw-tab-13kpcdvamyxj8-1
[Extension] [DEBUG] Forwarding CDP event: Runtime.executionContextCreated from tab: 205602199
← Extension: Runtime.executionContextCreated sessionId=pw-tab-13kpcdvamyxj8-1
→ Playwright [ALL]: Runtime.executionContextCreated sessionId=pw-tab-13kpcdvamyxj8-1
[Extension] [DEBUG] Forwarding CDP event: Runtime.executionContextCreated from tab: 205602199
← Extension: Runtime.executionContextCreated sessionId=pw-tab-13kpcdvamyxj8-1
→ Playwright [ALL]: Runtime.executionContextCreated sessionId=pw-tab-13kpcdvamyxj8-1
[Extension] [DEBUG] Forwarding CDP event: Runtime.executionContextCreated from tab: 205602199
← Extension: Runtime.executionContextCreated sessionId=pw-tab-13kpcdvamyxj8-1
→ Playwright [ALL]: Runtime.executionContextCreated sessionId=pw-tab-13kpcdvamyxj8-1
[Extension] [DEBUG] Forwarding CDP event: Runtime.executionContextCreated from tab: 205602199
← Extension: Runtime.executionContextCreated sessionId=pw-tab-13kpcdvamyxj8-1
→ Playwright [ALL]: Runtime.executionContextCreated sessionId=pw-tab-13kpcdvamyxj8-1
← Playwright [i9r6jzk67uq_1772663310031]: Page.createIsolatedWorld id=27, sessionId=pw-tab-13kpcdvamyxj8-1
← Playwright [i9r6jzk67uq_1772663310031]: Page.createIsolatedWorld id=28, sessionId=pw-tab-13kpcdvamyxj8-11
[Extension] [DEBUG] CDP command: Page.createIsolatedWorld for tab: 205602199
[Extension] [DEBUG] CDP command: Page.createIsolatedWorld for tab: 205602214
[Extension] [DEBUG] Forwarding CDP event: Runtime.executionContextCreated from tab: 205602199
← Extension: Runtime.executionContextCreated sessionId=pw-tab-13kpcdvamyxj8-1
→ Playwright [ALL]: Runtime.executionContextCreated sessionId=pw-tab-13kpcdvamyxj8-1
[Extension] [DEBUG] Forwarding CDP event: Runtime.executionContextCreated from tab: 205602214
← Extension: Runtime.executionContextCreated sessionId=pw-tab-13kpcdvamyxj8-11
→ Playwright [ALL]: Runtime.executionContextCreated sessionId=pw-tab-13kpcdvamyxj8-11
Playwright client disconnected: i9r6jzk67uq_1772663310031 (0 remaining)
[Extension] [DEBUG] Forwarding CDP event: Network.responseReceivedExtraInfo from tab: 1960181923
[Extension] [DEBUG] Forwarding CDP event: Network.responseReceivedExtraInfo from tab: 1960181923
[Extension] [DEBUG] Forwarding CDP event: Network.responseReceivedExtraInfo from tab: 1960181923
[Extension] [DEBUG] Forwarding CDP event: Network.responseReceivedExtraInfo from tab: 1960181923
[Extension] [DEBUG] Forwarding CDP event: Network.responseReceivedExtraInfo from tab: 1960181923
[Extension] [DEBUG] Forwarding CDP event: Network.responseReceivedExtraInfo from tab: 1960181923
[Extension] [DEBUG] Forwarding CDP event: Network.responseReceivedExtraInfo from tab: 1960181923
[Extension] [DEBUG] Forwarding CDP event: Network.responseReceivedExtraInfo from tab: 1960181923
[Extension] [DEBUG] Forwarding CDP event: Network.responseReceivedExtraInfo from tab: 1960181923
[Extension] [DEBUG] Forwarding CDP event: Network.responseReceivedExtraInfo from tab: 1960181923
[Extension] [DEBUG] Forwarding CDP event: Network.responseReceivedExtraInfo from tab: 1960181923
Playwright client connected: 0mpbu1obvus_1772663310415 (1 total) (extension? true) (2 pages)
← Playwright [0mpbu1obvus_1772663310415]: Browser.getVersion id=1
← Playwright [0mpbu1obvus_1772663310415]: Target.setAutoAttach id=2
← Playwright [0mpbu1obvus_1772663310415]: Browser.setDownloadBehavior id=3
[Server] Target.attachedToTarget full payload: {"method":"Target.attachedToTarget","params":{"sessionId":"pw-tab-13kpcdvamyxj8-1","targetInfo":{"attached":true,"browserContextId":"32732A5B1AED29F7725478B021AC3D92","canAccessOpener":false,"targetId":"0EF45717F197C7F8558E16FCAEF3BFB8","title":"about:blank","type":"page","url":"about:blank"},"waitingForDebugger":false}}
[Extension] [DEBUG] Forwarding CDP event: Network.responseReceivedExtraInfo from tab: 1960181923
[Extension] [DEBUG] Forwarding CDP event: Network.responseReceivedExtraInfo from tab: 1960181923
[Extension] [DEBUG] Forwarding CDP event: Network.responseReceivedExtraInfo from tab: 1960181923
[Extension] [DEBUG] Forwarding CDP event: Network.responseReceivedExtraInfo from tab: 1960181923
[Extension] [DEBUG] Forwarding CDP event: Network.responseReceivedExtraInfo from tab: 1960181923
→ Playwright [0mpbu1obvus_1772663310415]: Target.attachedToTarget targetId=0EF45717F197C7F8558E16FCAEF3BFB8, sessionId=pw-tab-13kpcdvamyxj8-1 (server-generated)
[Extension] [DEBUG] Forwarding CDP event: Network.responseReceivedExtraInfo from tab: 1960181923
[Extension] [DEBUG] Forwarding CDP event: Network.requestWillBeSentExtraInfo from tab: 1960181923
[Server] Target.attachedToTarget full payload: {"method":"Target.attachedToTarget","params":{"sessionId":"pw-tab-13kpcdvamyxj8-11","targetInfo":{"attached":true,"browserContextId":"32732A5B1AED29F7725478B021AC3D92","canAccessOpener":false,"targetId":"37A191C08F448915A2B15DE965511E92","title":"Example Domain","type":"page","url":"https://example.com/repeated-test"},"waitingForDebugger":false}}
[Extension] [DEBUG] Forwarding CDP event: Network.requestWillBeSent from tab: 1960181923
→ Playwright [0mpbu1obvus_1772663310415]: Target.attachedToTarget targetId=37A191C08F448915A2B15DE965511E92, sessionId=pw-tab-13kpcdvamyxj8-11 (server-generated)
[Extension] [DEBUG] Forwarding CDP event: Network.loadingFailed from tab: 1960181923
← Playwright [0mpbu1obvus_1772663310415]: Page.enable id=4, sessionId=pw-tab-13kpcdvamyxj8-1
← Extension: Network.loadingFailed sessionId=pw-tab-14ad3lxn4rdiu-1
← Playwright [0mpbu1obvus_1772663310415]: Page.getFrameTree id=5, sessionId=pw-tab-13kpcdvamyxj8-1
→ Playwright [ALL]: Network.loadingFailed sessionId=pw-tab-14ad3lxn4rdiu-1
[Extension] [DEBUG] Forwarding CDP event: Network.responseReceived from tab: 1960181923
← Playwright [0mpbu1obvus_1772663310415]: Log.enable id=6, sessionId=pw-tab-13kpcdvamyxj8-1
[Extension] [DEBUG] Forwarding CDP event: Log.entryAdded from tab: 1960181923
← Extension: Log.entryAdded sessionId=pw-tab-14ad3lxn4rdiu-1
← Playwright [0mpbu1obvus_1772663310415]: Page.setLifecycleEventsEnabled id=7, sessionId=pw-tab-13kpcdvamyxj8-1
→ Playwright [ALL]: Log.entryAdded sessionId=pw-tab-14ad3lxn4rdiu-1
← Playwright [0mpbu1obvus_1772663310415]: Runtime.enable id=8, sessionId=pw-tab-13kpcdvamyxj8-1
[Extension] [DEBUG] Forwarding CDP event: Network.loadingFailed from tab: 1960181923
← Playwright [0mpbu1obvus_1772663310415]: Page.addScriptToEvaluateOnNewDocument id=9, sessionId=pw-tab-13kpcdvamyxj8-1
← Extension: Network.loadingFailed sessionId=pw-tab-14ad3lxn4rdiu-1
← Playwright [0mpbu1obvus_1772663310415]: Network.enable id=10, sessionId=pw-tab-13kpcdvamyxj8-1
→ Playwright [ALL]: Network.loadingFailed sessionId=pw-tab-14ad3lxn4rdiu-1
← Playwright [0mpbu1obvus_1772663310415]: Target.setAutoAttach id=11, sessionId=pw-tab-13kpcdvamyxj8-1
[Extension] [DEBUG] Forwarding CDP event: Network.responseReceivedExtraInfo from tab: 1960181923
← Playwright [0mpbu1obvus_1772663310415]: Emulation.setFocusEmulationEnabled id=12, sessionId=pw-tab-13kpcdvamyxj8-1
[Extension] [DEBUG] Forwarding CDP event: Network.responseReceivedExtraInfo from tab: 1960181923
← Playwright [0mpbu1obvus_1772663310415]: Emulation.setEmulatedMedia id=13, sessionId=pw-tab-13kpcdvamyxj8-1
[Extension] [DEBUG] Forwarding CDP event: Network.responseReceivedExtraInfo from tab: 1960181923
← Playwright [0mpbu1obvus_1772663310415]: Runtime.runIfWaitingForDebugger id=14, sessionId=pw-tab-13kpcdvamyxj8-1
[Extension] [DEBUG] Forwarding CDP event: Network.responseReceived from tab: 1960181923
← Playwright [0mpbu1obvus_1772663310415]: Page.enable id=15, sessionId=pw-tab-13kpcdvamyxj8-11
← Playwright [0mpbu1obvus_1772663310415]: Page.getFrameTree id=16, sessionId=pw-tab-13kpcdvamyxj8-11
[Extension] [DEBUG] Forwarding CDP event: Log.entryAdded from tab: 1960181923
← Extension: Log.entryAdded sessionId=pw-tab-14ad3lxn4rdiu-1
← Playwright [0mpbu1obvus_1772663310415]: Log.enable id=17, sessionId=pw-tab-13kpcdvamyxj8-11
→ Playwright [ALL]: Log.entryAdded sessionId=pw-tab-14ad3lxn4rdiu-1
[Extension] [DEBUG] Forwarding CDP event: Network.loadingFailed from tab: 1960181923
← Playwright [0mpbu1obvus_1772663310415]: Page.setLifecycleEventsEnabled id=18, sessionId=pw-tab-13kpcdvamyxj8-11
← Extension: Network.loadingFailed sessionId=pw-tab-14ad3lxn4rdiu-1
← Playwright [0mpbu1obvus_1772663310415]: Runtime.enable id=19, sessionId=pw-tab-13kpcdvamyxj8-11
← Playwright [0mpbu1obvus_1772663310415]: Page.addScriptToEvaluateOnNewDocument id=20, sessionId=pw-tab-13kpcdvamyxj8-11
→ Playwright [ALL]: Network.loadingFailed sessionId=pw-tab-14ad3lxn4rdiu-1
← Playwright [0mpbu1obvus_1772663310415]: Network.enable id=21, sessionId=pw-tab-13kpcdvamyxj8-11
[Extension] [DEBUG] Forwarding CDP event: Inspector.workerScriptLoaded from tab: 1960181923
← Playwright [0mpbu1obvus_1772663310415]: Target.setAutoAttach id=22, sessionId=pw-tab-13kpcdvamyxj8-11
← Extension: Inspector.workerScriptLoaded sessionId=4B1F164288D2DA4BBBE19DA63F4AD993
← Playwright [0mpbu1obvus_1772663310415]: Emulation.setFocusEmulationEnabled id=23, sessionId=pw-tab-13kpcdvamyxj8-11
→ Playwright [ALL]: Inspector.workerScriptLoaded sessionId=4B1F164288D2DA4BBBE19DA63F4AD993
← Playwright [0mpbu1obvus_1772663310415]: Emulation.setEmulatedMedia id=24, sessionId=pw-tab-13kpcdvamyxj8-11
[Extension] [DEBUG] Starting connection to tab 1960181934
← Playwright [0mpbu1obvus_1772663310415]: Runtime.runIfWaitingForDebugger id=25, sessionId=pw-tab-13kpcdvamyxj8-11
[Extension] [LOG] {"tabs":{"dataType":"Map","value":[[1960181923,{"sessionId":"pw-tab-14ad3lxn4rdiu-1","targetId":"3725B15B6968473F21B6C2BE1437EA94","state":"connected","attachOrder":1}],[1960181934,{"state":"connecting"}]]},"connectionState":"connected","currentTabId":1960181934}
← Playwright [0mpbu1obvus_1772663310415]: Target.getTargetInfo id=26
[Extension] [DEBUG] Attaching debugger to tab: 1960181934
[Extension] [DEBUG] CDP command: Page.enable for tab: 205602199
[Extension] [DEBUG] Debugger attached successfully to tab: 1960181934
[Extension] [DEBUG] CDP command: Page.getFrameTree for tab: 205602199
[Extension] [DEBUG] Added tabs to existing group: [1960181934]
[Extension] [DEBUG] CDP command: Log.enable for tab: 205602199
[Extension] [LOG] {"tabs":{"dataType":"Map","value":[[1960181923,{"sessionId":"pw-tab-14ad3lxn4rdiu-1","targetId":"3725B15B6968473F21B6C2BE1437EA94","state":"connected","attachOrder":1}],[1960181934,{"sessionId":"pw-tab-14ad3lxn4rdiu-7","targetId":"F301E4D51676810BD1E149AB8B0753C6","state":"connected","attachOrder":7}]]},"connectionState":"connected","currentTabId":1960181934}
[Extension] [DEBUG] CDP command: Page.setLifecycleEventsEnabled for tab: 205602199
[Extension] [DEBUG] CDP command: Page.addScriptToEvaluateOnNewDocument for tab: 205602199
← Extension: Target.attachedToTarget targetId=F301E4D51676810BD1E149AB8B0753C6, sessionId=pw-tab-14ad3lxn4rdiu-7
[Extension] [DEBUG] CDP command: Network.enable for tab: 205602199
[Extension] Target.attachedToTarget full payload: {"method":"Target.attachedToTarget","params":{"sessionId":"pw-tab-14ad3lxn4rdiu-7","targetInfo":{"attached":true,"browserContextId":"2A779D328DE2816E05994C303EE2C572","canAccessOpener":false,"targetId":"F301E4D51676810BD1E149AB8B0753C6","title":"Iframe Test Page","type":"page","url":"about:blank"},"waitingForDebugger":false}}
[Extension] [DEBUG] CDP command: Target.setAutoAttach for tab: 205602199
→ Playwright [ALL]: Target.attachedToTarget targetId=F301E4D51676810BD1E149AB8B0753C6, sessionId=pw-tab-14ad3lxn4rdiu-7
[Extension] [DEBUG] CDP command: Emulation.setFocusEmulationEnabled for tab: 205602199
[Extension] [DEBUG] Tab attached successfully: 1960181934 sessionId: pw-tab-14ad3lxn4rdiu-7 targetId: F301E4D51676810BD1E149AB8B0753C6 url: about:blank skipAttachedEvent: false
[Extension] [DEBUG] CDP command: Emulation.setEmulatedMedia for tab: 205602199
[Extension] [DEBUG] Successfully connected to tab 1960181934
[Extension] [DEBUG] CDP command: Runtime.runIfWaitingForDebugger for tab: 205602199
Playwright client connected: 8vetfak8uqc_1772663309957 (1 total) (extension? true) (3 pages)
[Extension] [DEBUG] CDP command: Page.enable for tab: 205602214
← Playwright [8vetfak8uqc_1772663309957]: Browser.getVersion id=1
[Extension] [DEBUG] CDP command: Page.getFrameTree for tab: 205602214
← Playwright [8vetfak8uqc_1772663309957]: Target.setAutoAttach id=2
[Extension] [DEBUG] CDP command: Log.enable for tab: 205602214
← Playwright [8vetfak8uqc_1772663309957]: Browser.setDownloadBehavior id=3
[Extension] [DEBUG] CDP command: Page.setLifecycleEventsEnabled for tab: 205602214
[Server] Target.attachedToTarget full payload: {"method":"Target.attachedToTarget","params":{"sessionId":"pw-tab-14ad3lxn4rdiu-1","targetInfo":{"attached":true,"browserContextId":"2A779D328DE2816E05994C303EE2C572","canAccessOpener":false,"targetId":"3725B15B6968473F21B6C2BE1437EA94","title":"about:blank","type":"page","url":"https://www.youtube.com/"},"waitingForDebugger":false}}
[Extension] [DEBUG] CDP command: Page.addScriptToEvaluateOnNewDocument for tab: 205602214
→ Playwright [8vetfak8uqc_1772663309957]: Target.attachedToTarget targetId=3725B15B6968473F21B6C2BE1437EA94, sessionId=pw-tab-14ad3lxn4rdiu-1 (server-generated)
[Extension] [DEBUG] CDP command: Network.enable for tab: 205602214
[Server] Target.attachedToTarget full payload: {"method":"Target.attachedToTarget","params":{"sessionId":"93A89A08E4B4CB0DE14CC97B1DC47BDD","targetInfo":{"attached":true,"browserContextId":"2A779D328DE2816E05994C303EE2C572","canAccessOpener":false,"parentFrameId":"3725B15B6968473F21B6C2BE1437EA94","targetId":"A9B9C9D0E6A611E64FC7374011E383BA","title":"https://accounts.google.com/v3/signin/identifier?continue=https%3A%2F%2Fwww.youtube.com%2Fsignin%3Faction_handle_signin%3Dtrue%26app%3Ddesktop%26hl%3Den-GB%26next%3D%252Fsignin_passive%26feature%3Dpassive&dsh=S-2062637096%3A1772663308029064&hl=en-GB&ifkv=ASfE1-rTWw9t5B7mi_2qEXZBce9SI40rLayKe9okfWKzAl7HhtYfKyN7Qd4Relw1jLxl9GODU-N7&passive=true&service=youtube&uilel=3&flowName=WebLiteSignIn&flowEntry=ServiceLogin","type":"iframe","url":"https://accounts.google.com/v3/signin/identifier?continue=https%3A%2F%2Fwww.youtube.com%2Fsignin%3Faction_handle_signin%3Dtrue%26app%3Ddesktop%26hl%3Den-GB%26next%3D%252Fsignin_passive%26feature%3Dpassive&dsh=S-2062637096%3A1772663308029064&hl=en-GB&ifkv=ASfE1-rTWw9t5B7mi_2qEXZBce9SI40rLayKe9okfWKzAl7HhtYfKyN7Qd4Relw1jLxl9GODU-N7&passive=true&service=youtube&uilel=3&flowName=WebLiteSignIn&flowEntry=ServiceLogin"},"waitingForDebugger":false}}
[Extension] [DEBUG] Forwarding CDP event: Page.lifecycleEvent from tab: 205602199
← Extension: Page.lifecycleEvent sessionId=pw-tab-13kpcdvamyxj8-1
→ Playwright [8vetfak8uqc_1772663309957]: Target.attachedToTarget targetId=A9B9C9D0E6A611E64FC7374011E383BA, sessionId=93A89A08E4B4CB0DE14CC97B1DC47BDD (server-generated)
[Server] Target.attachedToTarget full payload: {"method":"Target.attachedToTarget","params":{"sessionId":"pw-tab-14ad3lxn4rdiu-7","targetInfo":{"attached":true,"browserContextId":"2A779D328DE2816E05994C303EE2C572","canAccessOpener":false,"targetId":"F301E4D51676810BD1E149AB8B0753C6","title":"Iframe Test Page","type":"page","url":"about:blank"},"waitingForDebugger":false}}
→ Playwright [ALL]: Page.lifecycleEvent sessionId=pw-tab-13kpcdvamyxj8-1
[Extension] [DEBUG] CDP command: Target.setAutoAttach for tab: 205602214
[Extension] [DEBUG] CDP command: Emulation.setFocusEmulationEnabled for tab: 205602214
→ Playwright [8vetfak8uqc_1772663309957]: Target.attachedToTarget targetId=F301E4D51676810BD1E149AB8B0753C6, sessionId=pw-tab-14ad3lxn4rdiu-7 (server-generated)
[Extension] [DEBUG] Forwarding CDP event: Page.lifecycleEvent from tab: 205602199
← Playwright [8vetfak8uqc_1772663309957]: Page.enable id=4, sessionId=pw-tab-14ad3lxn4rdiu-1
← Extension: Page.lifecycleEvent sessionId=pw-tab-13kpcdvamyxj8-1
← Playwright [8vetfak8uqc_1772663309957]: Page.getFrameTree id=5, sessionId=pw-tab-14ad3lxn4rdiu-1
→ Playwright [ALL]: Page.lifecycleEvent sessionId=pw-tab-13kpcdvamyxj8-1
← Playwright [8vetfak8uqc_1772663309957]: Log.enable id=6, sessionId=pw-tab-14ad3lxn4rdiu-1
[Extension] [DEBUG] Forwarding CDP event: Page.lifecycleEvent from tab: 205602199
← Playwright [8vetfak8uqc_1772663309957]: Page.setLifecycleEventsEnabled id=7, sessionId=pw-tab-14ad3lxn4rdiu-1
← Extension: Page.lifecycleEvent sessionId=pw-tab-13kpcdvamyxj8-1
← Playwright [8vetfak8uqc_1772663309957]: Runtime.enable id=8, sessionId=pw-tab-14ad3lxn4rdiu-1
← Playwright [8vetfak8uqc_1772663309957]: Page.addScriptToEvaluateOnNewDocument id=9, sessionId=pw-tab-14ad3lxn4rdiu-1
→ Playwright [ALL]: Page.lifecycleEvent sessionId=pw-tab-13kpcdvamyxj8-1
← Playwright [8vetfak8uqc_1772663309957]: Network.enable id=10, sessionId=pw-tab-14ad3lxn4rdiu-1
← Playwright [8vetfak8uqc_1772663309957]: Target.setAutoAttach id=11, sessionId=pw-tab-14ad3lxn4rdiu-1
[Extension] [DEBUG] Forwarding CDP event: Page.lifecycleEvent from tab: 205602199
← Extension: Page.lifecycleEvent sessionId=pw-tab-13kpcdvamyxj8-1
← Playwright [8vetfak8uqc_1772663309957]: Emulation.setFocusEmulationEnabled id=12, sessionId=pw-tab-14ad3lxn4rdiu-1
→ Playwright [ALL]: Page.lifecycleEvent sessionId=pw-tab-13kpcdvamyxj8-1
Extension connected (mmclys8n_rposin)
← Playwright [8vetfak8uqc_1772663309957]: Emulation.setEmulatedMedia id=13, sessionId=pw-tab-14ad3lxn4rdiu-1
[Extension] [DEBUG] Forwarding CDP event: Page.lifecycleEvent from tab: 205602199
← Playwright [8vetfak8uqc_1772663309957]: Runtime.runIfWaitingForDebugger id=14, sessionId=pw-tab-14ad3lxn4rdiu-1
← Extension: Page.lifecycleEvent sessionId=pw-tab-13kpcdvamyxj8-1
→ Playwright [ALL]: Page.lifecycleEvent sessionId=pw-tab-13kpcdvamyxj8-1
← Playwright [8vetfak8uqc_1772663309957]: Runtime.runIfWaitingForDebugger id=15, sessionId=93A89A08E4B4CB0DE14CC97B1DC47BDD
← Playwright [8vetfak8uqc_1772663309957]: Page.enable id=16, sessionId=pw-tab-14ad3lxn4rdiu-7
← Playwright [8vetfak8uqc_1772663309957]: Page.getFrameTree id=17, sessionId=pw-tab-14ad3lxn4rdiu-7
[Extension] [DEBUG] CDP command: Emulation.setEmulatedMedia for tab: 205602214
← Playwright [8vetfak8uqc_1772663309957]: Log.enable id=18, sessionId=pw-tab-14ad3lxn4rdiu-7
[Extension] [DEBUG] CDP command: Runtime.runIfWaitingForDebugger for tab: 205602214
← Playwright [8vetfak8uqc_1772663309957]: Page.setLifecycleEventsEnabled id=19, sessionId=pw-tab-14ad3lxn4rdiu-7
[Extension] [DEBUG] Forwarding CDP event: Page.lifecycleEvent from tab: 205602214
← Playwright [8vetfak8uqc_1772663309957]: Runtime.enable id=20, sessionId=pw-tab-14ad3lxn4rdiu-7
← Extension: Page.lifecycleEvent sessionId=pw-tab-13kpcdvamyxj8-11
← Playwright [8vetfak8uqc_1772663309957]: Page.addScriptToEvaluateOnNewDocument id=21, sessionId=pw-tab-14ad3lxn4rdiu-7
→ Playwright [ALL]: Page.lifecycleEvent sessionId=pw-tab-13kpcdvamyxj8-11
← Playwright [8vetfak8uqc_1772663309957]: Network.enable id=22, sessionId=pw-tab-14ad3lxn4rdiu-7
[Extension] [DEBUG] Forwarding CDP event: Page.lifecycleEvent from tab: 205602214
← Playwright [8vetfak8uqc_1772663309957]: Target.setAutoAttach id=23, sessionId=pw-tab-14ad3lxn4rdiu-7
← Extension: Page.lifecycleEvent sessionId=pw-tab-13kpcdvamyxj8-11
→ Playwright [ALL]: Page.lifecycleEvent sessionId=pw-tab-13kpcdvamyxj8-11
← Playwright [8vetfak8uqc_1772663309957]: Emulation.setFocusEmulationEnabled id=24, sessionId=pw-tab-14ad3lxn4rdiu-7
[Extension] [DEBUG] Forwarding CDP event: Page.lifecycleEvent from tab: 205602214
← Playwright [8vetfak8uqc_1772663309957]: Emulation.setEmulatedMedia id=25, sessionId=pw-tab-14ad3lxn4rdiu-7
← Extension: Page.lifecycleEvent sessionId=pw-tab-13kpcdvamyxj8-11
→ Playwright [ALL]: Page.lifecycleEvent sessionId=pw-tab-13kpcdvamyxj8-11
← Playwright [8vetfak8uqc_1772663309957]: Runtime.runIfWaitingForDebugger id=26, sessionId=pw-tab-14ad3lxn4rdiu-7
← Playwright [8vetfak8uqc_1772663309957]: Target.getTargetInfo id=27
[Extension] [DEBUG] Forwarding CDP event: Page.lifecycleEvent from tab: 205602214
[Extension] [DEBUG] CDP command: Page.enable for tab: 1960181923
← Extension: Page.lifecycleEvent sessionId=pw-tab-13kpcdvamyxj8-11
[Extension] [DEBUG] CDP command: Page.getFrameTree for tab: 1960181923
→ Playwright [ALL]: Page.lifecycleEvent sessionId=pw-tab-13kpcdvamyxj8-11
[Extension] [DEBUG] CDP command: Log.enable for tab: 1960181923
[Extension] [DEBUG] Forwarding CDP event: Page.lifecycleEvent from tab: 205602214
[Extension] [DEBUG] CDP command: Page.setLifecycleEventsEnabled for tab: 1960181923
← Extension: Page.lifecycleEvent sessionId=pw-tab-13kpcdvamyxj8-11
[Extension] [DEBUG] CDP command: Page.addScriptToEvaluateOnNewDocument for tab: 1960181923
→ Playwright [ALL]: Page.lifecycleEvent sessionId=pw-tab-13kpcdvamyxj8-11
[Extension] [DEBUG] CDP command: Network.enable for tab: 1960181923
← Playwright [0mpbu1obvus_1772663310415]: Page.createIsolatedWorld id=27, sessionId=pw-tab-13kpcdvamyxj8-1
[Extension] [DEBUG] CDP command: Target.setAutoAttach for tab: 1960181923
← Playwright [0mpbu1obvus_1772663310415]: Page.createIsolatedWorld id=28, sessionId=pw-tab-13kpcdvamyxj8-11
[Extension] [DEBUG] CDP command: Emulation.setFocusEmulationEnabled for tab: 1960181923
[Extension] [DEBUG] CDP command: Page.createIsolatedWorld for tab: 205602199
[Extension] [DEBUG] Forwarding CDP event: Page.lifecycleEvent from tab: 1960181923
[Extension] [DEBUG] CDP command: Page.createIsolatedWorld for tab: 205602214
← Extension: Page.lifecycleEvent sessionId=pw-tab-14ad3lxn4rdiu-1
→ Playwright [ALL]: Page.lifecycleEvent sessionId=pw-tab-14ad3lxn4rdiu-1
[Extension] [DEBUG] Forwarding CDP event: Page.lifecycleEvent from tab: 1960181923
← Extension: Page.lifecycleEvent sessionId=pw-tab-14ad3lxn4rdiu-1
→ Playwright [ALL]: Page.lifecycleEvent sessionId=pw-tab-14ad3lxn4rdiu-1
[Extension] [DEBUG] CDP command: Emulation.setEmulatedMedia for tab: 1960181923
[Extension] [DEBUG] Forwarding CDP event: Page.lifecycleEvent from tab: 1960181923
← Extension: Page.lifecycleEvent sessionId=pw-tab-14ad3lxn4rdiu-1
→ Playwright [ALL]: Page.lifecycleEvent sessionId=pw-tab-14ad3lxn4rdiu-1
[Extension] [DEBUG] Forwarding CDP event: Page.lifecycleEvent from tab: 1960181923
← Extension: Page.lifecycleEvent sessionId=pw-tab-14ad3lxn4rdiu-1
→ Playwright [ALL]: Page.lifecycleEvent sessionId=pw-tab-14ad3lxn4rdiu-1
[Extension] [DEBUG] Forwarding CDP event: Page.lifecycleEvent from tab: 1960181923
← Extension: Page.lifecycleEvent sessionId=pw-tab-14ad3lxn4rdiu-1
→ Playwright [ALL]: Page.lifecycleEvent sessionId=pw-tab-14ad3lxn4rdiu-1
[Extension] [DEBUG] Forwarding CDP event: Page.lifecycleEvent from tab: 1960181923
← Extension: Page.lifecycleEvent sessionId=pw-tab-14ad3lxn4rdiu-1
→ Playwright [ALL]: Page.lifecycleEvent sessionId=pw-tab-14ad3lxn4rdiu-1
[Extension] [DEBUG] Forwarding CDP event: Page.lifecycleEvent from tab: 1960181923
← Extension: Page.lifecycleEvent sessionId=pw-tab-14ad3lxn4rdiu-1
→ Playwright [ALL]: Page.lifecycleEvent sessionId=pw-tab-14ad3lxn4rdiu-1
[Extension] [DEBUG] CDP command: Runtime.runIfWaitingForDebugger for tab: 1960181923
[Extension] [DEBUG] Found parent tab for child session: 93A89A08E4B4CB0DE14CC97B1DC47BDD tabId: 1960181923
[Extension] [DEBUG] CDP command: Runtime.runIfWaitingForDebugger for tab: 1960181923
[Extension] [DEBUG] Forwarding CDP event: Page.lifecycleEvent from tab: 1960181923
← Extension: Page.lifecycleEvent sessionId=pw-tab-14ad3lxn4rdiu-1
→ Playwright [ALL]: Page.lifecycleEvent sessionId=pw-tab-14ad3lxn4rdiu-1
[Extension] [DEBUG] CDP command: Page.enable for tab: 1960181934
[Extension] [DEBUG] Forwarding CDP event: Page.lifecycleEvent from tab: 1960181923
← Extension: Page.lifecycleEvent sessionId=pw-tab-14ad3lxn4rdiu-1
→ Playwright [ALL]: Page.lifecycleEvent sessionId=pw-tab-14ad3lxn4rdiu-1
[Extension] [DEBUG] CDP command: Page.getFrameTree for tab: 1960181934
[Extension] [DEBUG] CDP command: Log.enable for tab: 1960181934
[Extension] [DEBUG] Forwarding CDP event: Page.lifecycleEvent from tab: 1960181923
← Extension: Page.lifecycleEvent sessionId=pw-tab-14ad3lxn4rdiu-1
→ Playwright [ALL]: Page.lifecycleEvent sessionId=pw-tab-14ad3lxn4rdiu-1
[Extension] [DEBUG] CDP command: Page.setLifecycleEventsEnabled for tab: 1960181934
[Extension] [DEBUG] CDP command: Page.addScriptToEvaluateOnNewDocument for tab: 1960181934
[Extension] [DEBUG] Connection established
[Extension] [DEBUG] CDP command: Network.enable for tab: 1960181934
[Extension] [LOG] {"tabs":{"dataType":"Map","value":[]},"connectionState":"connected"}
[Extension] [DEBUG] CDP command: Target.setAutoAttach for tab: 1960181934
[Extension] [DEBUG] CDP command: Emulation.setFocusEmulationEnabled for tab: 1960181934
[Extension] [DEBUG] CDP command: Emulation.setEmulatedMedia for tab: 1960181934
[Extension] [DEBUG] CDP command: Runtime.runIfWaitingForDebugger for tab: 1960181934
[Extension] [DEBUG] Forwarding CDP event: Page.lifecycleEvent from tab: 1960181934
← Extension: Page.lifecycleEvent sessionId=pw-tab-14ad3lxn4rdiu-7
→ Playwright [ALL]: Page.lifecycleEvent sessionId=pw-tab-14ad3lxn4rdiu-7
[Extension] [DEBUG] Forwarding CDP event: Page.lifecycleEvent from tab: 1960181934
← Extension: Page.lifecycleEvent sessionId=pw-tab-14ad3lxn4rdiu-7
→ Playwright [ALL]: Page.lifecycleEvent sessionId=pw-tab-14ad3lxn4rdiu-7
[Extension] [DEBUG] Forwarding CDP event: Page.lifecycleEvent from tab: 1960181934
← Extension: Page.lifecycleEvent sessionId=pw-tab-14ad3lxn4rdiu-7
→ Playwright [ALL]: Page.lifecycleEvent sessionId=pw-tab-14ad3lxn4rdiu-7
[Extension] [DEBUG] Forwarding CDP event: Page.lifecycleEvent from tab: 1960181934
← Extension: Page.lifecycleEvent sessionId=pw-tab-14ad3lxn4rdiu-7
→ Playwright [ALL]: Page.lifecycleEvent sessionId=pw-tab-14ad3lxn4rdiu-7
[Extension] [DEBUG] Forwarding CDP event: Page.lifecycleEvent from tab: 1960181934
← Extension: Page.lifecycleEvent sessionId=pw-tab-14ad3lxn4rdiu-7
→ Playwright [ALL]: Page.lifecycleEvent sessionId=pw-tab-14ad3lxn4rdiu-7
[Extension] [DEBUG] Forwarding CDP event: Page.lifecycleEvent from tab: 1960181934
← Extension: Page.lifecycleEvent sessionId=pw-tab-14ad3lxn4rdiu-7
→ Playwright [ALL]: Page.lifecycleEvent sessionId=pw-tab-14ad3lxn4rdiu-7
[Extension] [DEBUG] Forwarding CDP event: Page.lifecycleEvent from tab: 1960181934
← Extension: Page.lifecycleEvent sessionId=pw-tab-14ad3lxn4rdiu-7
→ Playwright [ALL]: Page.lifecycleEvent sessionId=pw-tab-14ad3lxn4rdiu-7
[Extension] [DEBUG] Forwarding CDP event: Page.lifecycleEvent from tab: 1960181934
← Extension: Page.lifecycleEvent sessionId=pw-tab-14ad3lxn4rdiu-7
→ Playwright [ALL]: Page.lifecycleEvent sessionId=pw-tab-14ad3lxn4rdiu-7
[Extension] [DEBUG] Forwarding CDP event: Page.lifecycleEvent from tab: 1960181934
[Extension] [DEBUG] Forwarding CDP event: Runtime.executionContextCreated from tab: 205602199
← Extension: Page.lifecycleEvent sessionId=pw-tab-14ad3lxn4rdiu-7
→ Playwright [ALL]: Page.lifecycleEvent sessionId=pw-tab-14ad3lxn4rdiu-7
← Extension: Runtime.executionContextCreated sessionId=pw-tab-13kpcdvamyxj8-1
[Extension] [DEBUG] Forwarding CDP event: Page.lifecycleEvent from tab: 1960181934
→ Playwright [ALL]: Runtime.executionContextCreated sessionId=pw-tab-13kpcdvamyxj8-1
← Extension: Page.lifecycleEvent sessionId=pw-tab-14ad3lxn4rdiu-7
→ Playwright [ALL]: Page.lifecycleEvent sessionId=pw-tab-14ad3lxn4rdiu-7
[Extension] [DEBUG] Forwarding CDP event: Page.lifecycleEvent from tab: 1960181934
← Extension: Page.lifecycleEvent sessionId=pw-tab-14ad3lxn4rdiu-7
→ Playwright [ALL]: Page.lifecycleEvent sessionId=pw-tab-14ad3lxn4rdiu-7
[Extension] [DEBUG] Forwarding CDP event: Page.lifecycleEvent from tab: 1960181934
← Extension: Page.lifecycleEvent sessionId=pw-tab-14ad3lxn4rdiu-7
→ Playwright [ALL]: Page.lifecycleEvent sessionId=pw-tab-14ad3lxn4rdiu-7
[Extension] [DEBUG] Forwarding CDP event: Page.lifecycleEvent from tab: 1960181934
[Extension] [DEBUG] Forwarding CDP event: Runtime.executionContextCreated from tab: 205602199
← Extension: Page.lifecycleEvent sessionId=pw-tab-14ad3lxn4rdiu-7
→ Playwright [ALL]: Page.lifecycleEvent sessionId=pw-tab-14ad3lxn4rdiu-7
[Extension] [DEBUG] Forwarding CDP event: Page.lifecycleEvent from tab: 1960181934
← Extension: Runtime.executionContextCreated sessionId=pw-tab-13kpcdvamyxj8-1
← Extension: Page.lifecycleEvent sessionId=pw-tab-14ad3lxn4rdiu-7
→ Playwright [ALL]: Page.lifecycleEvent sessionId=pw-tab-14ad3lxn4rdiu-7
[Extension] [DEBUG] Forwarding CDP event: Page.lifecycleEvent from tab: 1960181934
← Extension: Page.lifecycleEvent sessionId=pw-tab-14ad3lxn4rdiu-7
→ Playwright [ALL]: Page.lifecycleEvent sessionId=pw-tab-14ad3lxn4rdiu-7
[Extension] [DEBUG] Forwarding CDP event: Page.lifecycleEvent from tab: 1960181934
→ Playwright [ALL]: Runtime.executionContextCreated sessionId=pw-tab-13kpcdvamyxj8-1
← Extension: Page.lifecycleEvent sessionId=pw-tab-14ad3lxn4rdiu-7
→ Playwright [ALL]: Page.lifecycleEvent sessionId=pw-tab-14ad3lxn4rdiu-7
[Extension] [DEBUG] Forwarding CDP event: Runtime.executionContextCreated from tab: 205602199
[Extension] [DEBUG] Forwarding CDP event: Page.lifecycleEvent from tab: 1960181934
← Extension: Runtime.executionContextCreated sessionId=pw-tab-13kpcdvamyxj8-1
← Extension: Page.lifecycleEvent sessionId=pw-tab-14ad3lxn4rdiu-7
→ Playwright [ALL]: Runtime.executionContextCreated sessionId=pw-tab-13kpcdvamyxj8-1
→ Playwright [ALL]: Page.lifecycleEvent sessionId=pw-tab-14ad3lxn4rdiu-7
[Extension] [DEBUG] Forwarding CDP event: Runtime.executionContextCreated from tab: 205602199
[Extension] [DEBUG] Forwarding CDP event: Page.lifecycleEvent from tab: 1960181934
← Extension: Runtime.executionContextCreated sessionId=pw-tab-13kpcdvamyxj8-1
← Extension: Page.lifecycleEvent sessionId=pw-tab-14ad3lxn4rdiu-7
→ Playwright [ALL]: Runtime.executionContextCreated sessionId=pw-tab-13kpcdvamyxj8-1
→ Playwright [ALL]: Page.lifecycleEvent sessionId=pw-tab-14ad3lxn4rdiu-7
[Extension] [DEBUG] Forwarding CDP event: Runtime.executionContextCreated from tab: 205602199
[Extension] [DEBUG] Forwarding CDP event: Page.lifecycleEvent from tab: 1960181934
← Extension: Runtime.executionContextCreated sessionId=pw-tab-13kpcdvamyxj8-1
← Extension: Page.lifecycleEvent sessionId=pw-tab-14ad3lxn4rdiu-7
→ Playwright [ALL]: Runtime.executionContextCreated sessionId=pw-tab-13kpcdvamyxj8-1
→ Playwright [ALL]: Page.lifecycleEvent sessionId=pw-tab-14ad3lxn4rdiu-7
[Extension] [DEBUG] Forwarding CDP event: Runtime.executionContextCreated from tab: 205602199
← Extension: Runtime.executionContextCreated sessionId=pw-tab-13kpcdvamyxj8-1
[Extension] [DEBUG] Forwarding CDP event: Page.lifecycleEvent from tab: 1960181934
→ Playwright [ALL]: Runtime.executionContextCreated sessionId=pw-tab-13kpcdvamyxj8-1
← Extension: Page.lifecycleEvent sessionId=pw-tab-14ad3lxn4rdiu-7
[Extension] [DEBUG] Forwarding CDP event: Runtime.executionContextCreated from tab: 205602199
→ Playwright [ALL]: Page.lifecycleEvent sessionId=pw-tab-14ad3lxn4rdiu-7
← Extension: Runtime.executionContextCreated sessionId=pw-tab-13kpcdvamyxj8-1
← Playwright [8vetfak8uqc_1772663309957]: Page.createIsolatedWorld id=28, sessionId=pw-tab-14ad3lxn4rdiu-1
→ Playwright [ALL]: Runtime.executionContextCreated sessionId=pw-tab-13kpcdvamyxj8-1
[Extension] [DEBUG] Forwarding CDP event: Runtime.executionContextCreated from tab: 205602199
← Playwright [8vetfak8uqc_1772663309957]: Page.createIsolatedWorld id=29, sessionId=pw-tab-14ad3lxn4rdiu-1
← Extension: Runtime.executionContextCreated sessionId=pw-tab-13kpcdvamyxj8-1
[Extension] [DEBUG] CDP command: Page.createIsolatedWorld for tab: 1960181923
→ Playwright [ALL]: Runtime.executionContextCreated sessionId=pw-tab-13kpcdvamyxj8-1
[Extension] [DEBUG] CDP command: Page.createIsolatedWorld for tab: 1960181923
[Extension] [DEBUG] Forwarding CDP event: Runtime.executionContextCreated from tab: 205602199
← Playwright [8vetfak8uqc_1772663309957]: Target.detachFromTarget id=30
← Extension: Runtime.executionContextCreated sessionId=pw-tab-13kpcdvamyxj8-1
← Playwright [8vetfak8uqc_1772663309957]: Page.createIsolatedWorld id=31, sessionId=pw-tab-14ad3lxn4rdiu-7
→ Playwright [ALL]: Runtime.executionContextCreated sessionId=pw-tab-13kpcdvamyxj8-1
← Playwright [8vetfak8uqc_1772663309957]: Page.createIsolatedWorld id=32, sessionId=pw-tab-14ad3lxn4rdiu-7
[Extension] [DEBUG] Forwarding CDP event: Runtime.executionContextCreated from tab: 205602199
← Playwright [8vetfak8uqc_1772663309957]: Page.createIsolatedWorld id=33, sessionId=pw-tab-14ad3lxn4rdiu-7
← Extension: Runtime.executionContextCreated sessionId=pw-tab-13kpcdvamyxj8-1
← Playwright [8vetfak8uqc_1772663309957]: Page.createIsolatedWorld id=34, sessionId=pw-tab-14ad3lxn4rdiu-7
[Extension] [DEBUG] Error handling command: Error: No tab found for method Target.detachFromTarget sessionId: undefined params: {"sessionId":"93A89A08E4B4CB0DE14CC97B1DC47BDD"}
    at handleCommand (chrome-extension://pebbngnfojnignonigcnkdilknapkgid/background.js:976:11)
    at ws.onmessage (chrome-extension://pebbngnfojnignonigcnkdilknapkgid/background.js:548:33)
→ Playwright [ALL]: Runtime.executionContextCreated sessionId=pw-tab-13kpcdvamyxj8-1
[Extension] [DEBUG] Forwarding CDP event: Runtime.executionContextCreated from tab: 205602199
[Extension] [DEBUG] CDP command: Page.createIsolatedWorld for tab: 1960181934
← Extension: Runtime.executionContextCreated sessionId=pw-tab-13kpcdvamyxj8-1
→ Playwright [ALL]: Runtime.executionContextCreated sessionId=pw-tab-13kpcdvamyxj8-1
[Extension] [DEBUG] CDP command: Page.createIsolatedWorld for tab: 1960181934
[Extension] [DEBUG] CDP command: Page.createIsolatedWorld for tab: 1960181934
[Extension] [DEBUG] Forwarding CDP event: Runtime.executionContextCreated from tab: 205602199
Error handling CDP command: Target.detachFromTarget { sessionId: '93A89A08E4B4CB0DE14CC97B1DC47BDD' } Error: No tab found for method Target.detachFromTarget sessionId: undefined params: {"sessionId":"93A89A08E4B4CB0DE14CC97B1DC47BDD"}
    at Object.onMessage (/Users/yuanjiwei/Documents/GitHub/runbrowser/packages/relay/src/server.ts:1336:30)
    at handleMessage (file:///Users/yuanjiwei/Documents/GitHub/runbrowser/node_modules/.pnpm/@hono+node-ws@1.3.0_@hono+node-server@1.19.9_hono@4.12.3__hono@4.12.3/node_modules/@hono/node-ws/dist/index.js:118:26)
    at WebSocket.<anonymous> (file:///Users/yuanjiwei/Documents/GitHub/runbrowser/node_modules/.pnpm/@hono+node-ws@1.3.0_@hono+node-server@1.19.9_hono@4.12.3__hono@4.12.3/node_modules/@hono/node-ws/dist/index.js:126:6)
    at WebSocket.emit (node:events:508:20)
    at Receiver.receiverOnMessage (/Users/yuanjiwei/Documents/GitHub/runbrowser/node_modules/.pnpm/ws@8.19.0/node_modules/ws/lib/websocket.js:1225:20)
    at Receiver.emit (node:events:508:20)
    at Receiver.dataMessage (/Users/yuanjiwei/Documents/GitHub/runbrowser/node_modules/.pnpm/ws@8.19.0/node_modules/ws/lib/receiver.js:596:14)
    at Receiver.getData (/Users/yuanjiwei/Documents/GitHub/runbrowser/node_modules/.pnpm/ws@8.19.0/node_modules/ws/lib/receiver.js:496:10)
    at Receiver.startLoop (/Users/yuanjiwei/Documents/GitHub/runbrowser/node_modules/.pnpm/ws@8.19.0/node_modules/ws/lib/receiver.js:167:16)
    at Receiver._write (/Users/yuanjiwei/Documents/GitHub/runbrowser/node_modules/.pnpm/ws@8.19.0/node_modules/ws/lib/receiver.js:94:10)
← Extension: Runtime.executionContextCreated sessionId=pw-tab-13kpcdvamyxj8-1
[Extension] [DEBUG] CDP command: Page.createIsolatedWorld for tab: 1960181934
→ Playwright [ALL]: Runtime.executionContextCreated sessionId=pw-tab-13kpcdvamyxj8-1
[Extension] [DEBUG] Forwarding CDP event: Runtime.executionContextCreated from tab: 1960181923
[Extension] [DEBUG] Forwarding CDP event: Runtime.executionContextCreated from tab: 205602199
← Extension: Runtime.executionContextCreated sessionId=pw-tab-14ad3lxn4rdiu-1
← Extension: Runtime.executionContextCreated sessionId=pw-tab-13kpcdvamyxj8-1
→ Playwright [ALL]: Runtime.executionContextCreated sessionId=pw-tab-14ad3lxn4rdiu-1
→ Playwright [ALL]: Runtime.executionContextCreated sessionId=pw-tab-13kpcdvamyxj8-1
[Extension] [DEBUG] Forwarding CDP event: Runtime.executionContextCreated from tab: 1960181923
[Extension] [DEBUG] Forwarding CDP event: Runtime.executionContextCreated from tab: 205602199
← Extension: Runtime.executionContextCreated sessionId=pw-tab-14ad3lxn4rdiu-1
← Extension: Runtime.executionContextCreated sessionId=pw-tab-13kpcdvamyxj8-1
→ Playwright [ALL]: Runtime.executionContextCreated sessionId=pw-tab-14ad3lxn4rdiu-1
→ Playwright [ALL]: Runtime.executionContextCreated sessionId=pw-tab-13kpcdvamyxj8-1
[Extension] [DEBUG] Forwarding CDP event: Runtime.executionContextCreated from tab: 1960181923
[Extension] [DEBUG] Forwarding CDP event: Runtime.executionContextCreated from tab: 205602214
← Extension: Runtime.executionContextCreated sessionId=pw-tab-14ad3lxn4rdiu-1
← Extension: Runtime.executionContextCreated sessionId=pw-tab-13kpcdvamyxj8-11
→ Playwright [ALL]: Runtime.executionContextCreated sessionId=pw-tab-14ad3lxn4rdiu-1
→ Playwright [ALL]: Runtime.executionContextCreated sessionId=pw-tab-13kpcdvamyxj8-11
[Extension] [DEBUG] Forwarding CDP event: Runtime.executionContextCreated from tab: 1960181923
[Extension] [DEBUG] Forwarding CDP event: Runtime.executionContextCreated from tab: 205602214
← Extension: Runtime.executionContextCreated sessionId=pw-tab-13kpcdvamyxj8-11
← Extension: Runtime.executionContextCreated sessionId=pw-tab-14ad3lxn4rdiu-1
→ Playwright [ALL]: Runtime.executionContextCreated sessionId=pw-tab-14ad3lxn4rdiu-1
→ Playwright [ALL]: Runtime.executionContextCreated sessionId=pw-tab-13kpcdvamyxj8-11
[Extension] [DEBUG] Forwarding CDP event: Runtime.executionContextCreated from tab: 205602214
[Extension] [DEBUG] Forwarding CDP event: Runtime.executionContextCreated from tab: 1960181923
← Extension: Runtime.executionContextCreated sessionId=pw-tab-13kpcdvamyxj8-11
← Extension: Runtime.executionContextCreated sessionId=pw-tab-14ad3lxn4rdiu-1
→ Playwright [ALL]: Runtime.executionContextCreated sessionId=pw-tab-13kpcdvamyxj8-11
→ Playwright [ALL]: Runtime.executionContextCreated sessionId=pw-tab-14ad3lxn4rdiu-1
[Extension] [DEBUG] Forwarding CDP event: Runtime.executionContextCreated from tab: 205602214
[Extension] [DEBUG] Forwarding CDP event: Runtime.executionContextCreated from tab: 1960181923
← Extension: Runtime.executionContextCreated sessionId=pw-tab-13kpcdvamyxj8-11
← Extension: Runtime.executionContextCreated sessionId=pw-tab-14ad3lxn4rdiu-1
→ Playwright [ALL]: Runtime.executionContextCreated sessionId=pw-tab-13kpcdvamyxj8-11
→ Playwright [ALL]: Runtime.executionContextCreated sessionId=pw-tab-14ad3lxn4rdiu-1
[Extension] [DEBUG] Forwarding CDP event: Runtime.executionContextCreated from tab: 205602214
[Extension] [DEBUG] Forwarding CDP event: Runtime.executionContextCreated from tab: 1960181923
← Extension: Runtime.executionContextCreated sessionId=pw-tab-13kpcdvamyxj8-11
← Extension: Runtime.executionContextCreated sessionId=pw-tab-14ad3lxn4rdiu-1
→ Playwright [ALL]: Runtime.executionContextCreated sessionId=pw-tab-13kpcdvamyxj8-11
→ Playwright [ALL]: Runtime.executionContextCreated sessionId=pw-tab-14ad3lxn4rdiu-1
[Extension] [DEBUG] Forwarding CDP event: Runtime.executionContextCreated from tab: 205602214
[Extension] [DEBUG] Forwarding CDP event: Runtime.executionContextCreated from tab: 1960181923
← Extension: Runtime.executionContextCreated sessionId=pw-tab-14ad3lxn4rdiu-1
← Extension: Runtime.executionContextCreated sessionId=pw-tab-13kpcdvamyxj8-11
→ Playwright [ALL]: Runtime.executionContextCreated sessionId=pw-tab-14ad3lxn4rdiu-1
→ Playwright [ALL]: Runtime.executionContextCreated sessionId=pw-tab-13kpcdvamyxj8-11
[Extension] [DEBUG] Forwarding CDP event: Runtime.executionContextCreated from tab: 1960181923
Playwright client disconnected: 0mpbu1obvus_1772663310415 (0 remaining)
← Extension: Runtime.executionContextCreated sessionId=pw-tab-14ad3lxn4rdiu-1
→ Playwright [ALL]: Runtime.executionContextCreated sessionId=pw-tab-14ad3lxn4rdiu-1
[Extension] [DEBUG] Forwarding CDP event: Runtime.executionContextCreated from tab: 1960181923
← Extension: Runtime.executionContextCreated sessionId=pw-tab-14ad3lxn4rdiu-1
→ Playwright [ALL]: Runtime.executionContextCreated sessionId=pw-tab-14ad3lxn4rdiu-1
[Extension] [DEBUG] Forwarding CDP event: Runtime.executionContextCreated from tab: 1960181923
← Extension: Runtime.executionContextCreated sessionId=pw-tab-14ad3lxn4rdiu-1
→ Playwright [ALL]: Runtime.executionContextCreated sessionId=pw-tab-14ad3lxn4rdiu-1
[Extension] [DEBUG] Forwarding CDP event: Runtime.executionContextCreated from tab: 1960181923
← Extension: Runtime.executionContextCreated sessionId=pw-tab-14ad3lxn4rdiu-1
→ Playwright [ALL]: Runtime.executionContextCreated sessionId=pw-tab-14ad3lxn4rdiu-1
[Extension] [DEBUG] Forwarding CDP event: Runtime.executionContextCreated from tab: 1960181923
← Extension: Runtime.executionContextCreated sessionId=pw-tab-14ad3lxn4rdiu-1
→ Playwright [ALL]: Runtime.executionContextCreated sessionId=pw-tab-14ad3lxn4rdiu-1
[Extension] [DEBUG] Forwarding CDP event: Runtime.executionContextCreated from tab: 1960181923
← Extension: Runtime.executionContextCreated sessionId=pw-tab-14ad3lxn4rdiu-1
→ Playwright [ALL]: Runtime.executionContextCreated sessionId=pw-tab-14ad3lxn4rdiu-1
[Extension] [DEBUG] Forwarding CDP event: Runtime.executionContextCreated from tab: 1960181923
← Extension: Runtime.executionContextCreated sessionId=pw-tab-14ad3lxn4rdiu-1
→ Playwright [ALL]: Runtime.executionContextCreated sessionId=pw-tab-14ad3lxn4rdiu-1
[Extension] [DEBUG] Forwarding CDP event: Runtime.executionContextCreated from tab: 1960181923
← Extension: Runtime.executionContextCreated sessionId=pw-tab-14ad3lxn4rdiu-1
→ Playwright [ALL]: Runtime.executionContextCreated sessionId=pw-tab-14ad3lxn4rdiu-1
[Extension] [DEBUG] Forwarding CDP event: Runtime.consoleAPICalled from tab: 1960181923
← Extension: Runtime.consoleAPICalled sessionId=pw-tab-14ad3lxn4rdiu-1
→ Playwright [ALL]: Runtime.consoleAPICalled sessionId=pw-tab-14ad3lxn4rdiu-1
[Extension] [DEBUG] Forwarding CDP event: Runtime.executionContextCreated from tab: 1960181934
← Extension: Runtime.executionContextCreated sessionId=pw-tab-14ad3lxn4rdiu-7
→ Playwright [ALL]: Runtime.executionContextCreated sessionId=pw-tab-14ad3lxn4rdiu-7
[Extension] [DEBUG] Forwarding CDP event: Runtime.executionContextCreated from tab: 1960181934
← Extension: Runtime.executionContextCreated sessionId=pw-tab-14ad3lxn4rdiu-7
→ Playwright [ALL]: Runtime.executionContextCreated sessionId=pw-tab-14ad3lxn4rdiu-7
[Extension] [DEBUG] Forwarding CDP event: Runtime.executionContextCreated from tab: 1960181934
← Extension: Runtime.executionContextCreated sessionId=pw-tab-14ad3lxn4rdiu-7
→ Playwright [ALL]: Runtime.executionContextCreated sessionId=pw-tab-14ad3lxn4rdiu-7
[Extension] [DEBUG] Forwarding CDP event: Runtime.executionContextCreated from tab: 1960181934
← Extension: Runtime.executionContextCreated sessionId=pw-tab-14ad3lxn4rdiu-7
→ Playwright [ALL]: Runtime.executionContextCreated sessionId=pw-tab-14ad3lxn4rdiu-7
[Extension] [DEBUG] Forwarding CDP event: Runtime.executionContextCreated from tab: 1960181934
← Extension: Runtime.executionContextCreated sessionId=pw-tab-14ad3lxn4rdiu-7
→ Playwright [ALL]: Runtime.executionContextCreated sessionId=pw-tab-14ad3lxn4rdiu-7
[Extension] [DEBUG] Forwarding CDP event: Runtime.executionContextCreated from tab: 1960181934
← Extension: Runtime.executionContextCreated sessionId=pw-tab-14ad3lxn4rdiu-7
→ Playwright [ALL]: Runtime.executionContextCreated sessionId=pw-tab-14ad3lxn4rdiu-7
[Extension] [DEBUG] Forwarding CDP event: Runtime.executionContextCreated from tab: 1960181934
← Extension: Runtime.executionContextCreated sessionId=pw-tab-14ad3lxn4rdiu-7
→ Playwright [ALL]: Runtime.executionContextCreated sessionId=pw-tab-14ad3lxn4rdiu-7
[Extension] [DEBUG] Forwarding CDP event: Runtime.executionContextCreated from tab: 1960181934
← Extension: Runtime.executionContextCreated sessionId=pw-tab-14ad3lxn4rdiu-7
→ Playwright [ALL]: Runtime.executionContextCreated sessionId=pw-tab-14ad3lxn4rdiu-7
[Extension] [DEBUG] Forwarding CDP event: Runtime.executionContextCreated from tab: 1960181934
← Extension: Runtime.executionContextCreated sessionId=pw-tab-14ad3lxn4rdiu-7
→ Playwright [ALL]: Runtime.executionContextCreated sessionId=pw-tab-14ad3lxn4rdiu-7
[Extension] [DEBUG] Forwarding CDP event: Runtime.executionContextCreated from tab: 1960181934
← Extension: Runtime.executionContextCreated sessionId=pw-tab-14ad3lxn4rdiu-7
→ Playwright [ALL]: Runtime.executionContextCreated sessionId=pw-tab-14ad3lxn4rdiu-7
[Extension] [DEBUG] Forwarding CDP event: Runtime.executionContextCreated from tab: 1960181934
← Extension: Runtime.executionContextCreated sessionId=pw-tab-14ad3lxn4rdiu-7
→ Playwright [ALL]: Runtime.executionContextCreated sessionId=pw-tab-14ad3lxn4rdiu-7
[Extension] [DEBUG] Forwarding CDP event: Runtime.executionContextCreated from tab: 1960181934
← Extension: Runtime.executionContextCreated sessionId=pw-tab-14ad3lxn4rdiu-7
→ Playwright [ALL]: Runtime.executionContextCreated sessionId=pw-tab-14ad3lxn4rdiu-7
[Extension] [DEBUG] Forwarding CDP event: Runtime.consoleAPICalled from tab: 1960181934
← Extension: Runtime.consoleAPICalled sessionId=pw-tab-14ad3lxn4rdiu-7
→ Playwright [ALL]: Runtime.consoleAPICalled sessionId=pw-tab-14ad3lxn4rdiu-7
← Playwright [8vetfak8uqc_1772663309957]: Runtime.evaluate id=35, sessionId=pw-tab-14ad3lxn4rdiu-1
[Extension] [DEBUG] CDP command: Runtime.evaluate for tab: 1960181923
← Playwright [8vetfak8uqc_1772663309957]: Runtime.callFunctionOn id=36, sessionId=pw-tab-14ad3lxn4rdiu-1
[Extension] [DEBUG] CDP command: Runtime.callFunctionOn for tab: 1960181923
[Extension] [DEBUG] Forwarding CDP event: Page.lifecycleEvent from tab: 1960181923
← Extension: Page.lifecycleEvent sessionId=pw-tab-14ad3lxn4rdiu-1
→ Playwright [ALL]: Page.lifecycleEvent sessionId=pw-tab-14ad3lxn4rdiu-1
[Extension] [DEBUG] Forwarding CDP event: Page.lifecycleEvent from tab: 1960181923
← Extension: Page.lifecycleEvent sessionId=pw-tab-14ad3lxn4rdiu-1
→ Playwright [ALL]: Page.lifecycleEvent sessionId=pw-tab-14ad3lxn4rdiu-1
[Extension] [DEBUG] Forwarding CDP event: Page.lifecycleEvent from tab: 1960181923
← Extension: Page.lifecycleEvent sessionId=pw-tab-14ad3lxn4rdiu-1
→ Playwright [ALL]: Page.lifecycleEvent sessionId=pw-tab-14ad3lxn4rdiu-1
← Playwright [8vetfak8uqc_1772663309957]: Runtime.evaluate id=37, sessionId=pw-tab-14ad3lxn4rdiu-7
[Extension] [DEBUG] CDP command: Runtime.evaluate for tab: 1960181934
← Playwright [8vetfak8uqc_1772663309957]: Runtime.callFunctionOn id=38, sessionId=pw-tab-14ad3lxn4rdiu-7
[Extension] [DEBUG] CDP command: Runtime.callFunctionOn for tab: 1960181934
Playwright client disconnected: 8vetfak8uqc_1772663309957 (0 remaining)
[Extension] [DEBUG] Forwarding CDP event: Page.lifecycleEvent from tab: 1960181923
← Extension: Page.lifecycleEvent sessionId=pw-tab-14ad3lxn4rdiu-1
→ Playwright [ALL]: Page.lifecycleEvent sessionId=pw-tab-14ad3lxn4rdiu-1
[Extension] [DEBUG] Forwarding CDP event: Page.lifecycleEvent from tab: 1960181923
← Extension: Page.lifecycleEvent sessionId=pw-tab-14ad3lxn4rdiu-1
→ Playwright [ALL]: Page.lifecycleEvent sessionId=pw-tab-14ad3lxn4rdiu-1
Playwright client connected: nlonhoseby_1772663310409 (1 total) (extension? true) (3 pages)
← Playwright [nlonhoseby_1772663310409]: Browser.getVersion id=1
← Playwright [nlonhoseby_1772663310409]: Target.setAutoAttach id=2
← Playwright [nlonhoseby_1772663310409]: Browser.setDownloadBehavior id=3
[Server] Target.attachedToTarget full payload: {"method":"Target.attachedToTarget","params":{"sessionId":"pw-tab-14ad3lxn4rdiu-1","targetInfo":{"attached":true,"browserContextId":"2A779D328DE2816E05994C303EE2C572","canAccessOpener":false,"targetId":"3725B15B6968473F21B6C2BE1437EA94","title":"about:blank","type":"page","url":"https://www.youtube.com/"},"waitingForDebugger":false}}
→ Playwright [nlonhoseby_1772663310409]: Target.attachedToTarget targetId=3725B15B6968473F21B6C2BE1437EA94, sessionId=pw-tab-14ad3lxn4rdiu-1 (server-generated)
[Server] Target.attachedToTarget full payload: {"method":"Target.attachedToTarget","params":{"sessionId":"93A89A08E4B4CB0DE14CC97B1DC47BDD","targetInfo":{"attached":true,"browserContextId":"2A779D328DE2816E05994C303EE2C572","canAccessOpener":false,"parentFrameId":"3725B15B6968473F21B6C2BE1437EA94","targetId":"A9B9C9D0E6A611E64FC7374011E383BA","title":"https://accounts.google.com/v3/signin/identifier?continue=https%3A%2F%2Fwww.youtube.com%2Fsignin%3Faction_handle_signin%3Dtrue%26app%3Ddesktop%26hl%3Den-GB%26next%3D%252Fsignin_passive%26feature%3Dpassive&dsh=S-2062637096%3A1772663308029064&hl=en-GB&ifkv=ASfE1-rTWw9t5B7mi_2qEXZBce9SI40rLayKe9okfWKzAl7HhtYfKyN7Qd4Relw1jLxl9GODU-N7&passive=true&service=youtube&uilel=3&flowName=WebLiteSignIn&flowEntry=ServiceLogin","type":"iframe","url":"https://accounts.google.com/v3/signin/identifier?continue=https%3A%2F%2Fwww.youtube.com%2Fsignin%3Faction_handle_signin%3Dtrue%26app%3Ddesktop%26hl%3Den-GB%26next%3D%252Fsignin_passive%26feature%3Dpassive&dsh=S-2062637096%3A1772663308029064&hl=en-GB&ifkv=ASfE1-rTWw9t5B7mi_2qEXZBce9SI40rLayKe9okfWKzAl7HhtYfKyN7Qd4Relw1jLxl9GODU-N7&passive=true&service=youtube&uilel=3&flowName=WebLiteSignIn&flowEntry=ServiceLogin"},"waitingForDebugger":false}}
→ Playwright [nlonhoseby_1772663310409]: Target.attachedToTarget targetId=A9B9C9D0E6A611E64FC7374011E383BA, sessionId=93A89A08E4B4CB0DE14CC97B1DC47BDD (server-generated)
[Server] Target.attachedToTarget full payload: {"method":"Target.attachedToTarget","params":{"sessionId":"pw-tab-14ad3lxn4rdiu-7","targetInfo":{"attached":true,"browserContextId":"2A779D328DE2816E05994C303EE2C572","canAccessOpener":false,"targetId":"F301E4D51676810BD1E149AB8B0753C6","title":"Iframe Test Page","type":"page","url":"about:blank"},"waitingForDebugger":false}}
→ Playwright [nlonhoseby_1772663310409]: Target.attachedToTarget targetId=F301E4D51676810BD1E149AB8B0753C6, sessionId=pw-tab-14ad3lxn4rdiu-7 (server-generated)
← Playwright [nlonhoseby_1772663310409]: Page.enable id=4, sessionId=pw-tab-14ad3lxn4rdiu-1
← Playwright [nlonhoseby_1772663310409]: Page.getFrameTree id=5, sessionId=pw-tab-14ad3lxn4rdiu-1
← Playwright [nlonhoseby_1772663310409]: Log.enable id=6, sessionId=pw-tab-14ad3lxn4rdiu-1
← Playwright [nlonhoseby_1772663310409]: Page.setLifecycleEventsEnabled id=7, sessionId=pw-tab-14ad3lxn4rdiu-1
← Playwright [nlonhoseby_1772663310409]: Runtime.enable id=8, sessionId=pw-tab-14ad3lxn4rdiu-1
← Playwright [nlonhoseby_1772663310409]: Page.addScriptToEvaluateOnNewDocument id=9, sessionId=pw-tab-14ad3lxn4rdiu-1
← Playwright [nlonhoseby_1772663310409]: Network.enable id=10, sessionId=pw-tab-14ad3lxn4rdiu-1
← Playwright [nlonhoseby_1772663310409]: Target.setAutoAttach id=11, sessionId=pw-tab-14ad3lxn4rdiu-1
← Playwright [nlonhoseby_1772663310409]: Emulation.setFocusEmulationEnabled id=12, sessionId=pw-tab-14ad3lxn4rdiu-1
← Playwright [nlonhoseby_1772663310409]: Emulation.setEmulatedMedia id=13, sessionId=pw-tab-14ad3lxn4rdiu-1
← Playwright [nlonhoseby_1772663310409]: Runtime.runIfWaitingForDebugger id=14, sessionId=pw-tab-14ad3lxn4rdiu-1
← Playwright [nlonhoseby_1772663310409]: Runtime.runIfWaitingForDebugger id=15, sessionId=93A89A08E4B4CB0DE14CC97B1DC47BDD
← Playwright [nlonhoseby_1772663310409]: Page.enable id=16, sessionId=pw-tab-14ad3lxn4rdiu-7
← Playwright [nlonhoseby_1772663310409]: Page.getFrameTree id=17, sessionId=pw-tab-14ad3lxn4rdiu-7
← Playwright [nlonhoseby_1772663310409]: Log.enable id=18, sessionId=pw-tab-14ad3lxn4rdiu-7
← Playwright [nlonhoseby_1772663310409]: Page.setLifecycleEventsEnabled id=19, sessionId=pw-tab-14ad3lxn4rdiu-7
← Playwright [nlonhoseby_1772663310409]: Runtime.enable id=20, sessionId=pw-tab-14ad3lxn4rdiu-7
← Playwright [nlonhoseby_1772663310409]: Page.addScriptToEvaluateOnNewDocument id=21, sessionId=pw-tab-14ad3lxn4rdiu-7
← Playwright [nlonhoseby_1772663310409]: Network.enable id=22, sessionId=pw-tab-14ad3lxn4rdiu-7
← Playwright [nlonhoseby_1772663310409]: Target.setAutoAttach id=23, sessionId=pw-tab-14ad3lxn4rdiu-7
← Playwright [nlonhoseby_1772663310409]: Emulation.setFocusEmulationEnabled id=24, sessionId=pw-tab-14ad3lxn4rdiu-7
← Playwright [nlonhoseby_1772663310409]: Emulation.setEmulatedMedia id=25, sessionId=pw-tab-14ad3lxn4rdiu-7
← Playwright [nlonhoseby_1772663310409]: Runtime.runIfWaitingForDebugger id=26, sessionId=pw-tab-14ad3lxn4rdiu-7
← Playwright [nlonhoseby_1772663310409]: Target.getTargetInfo id=27
[Extension] [DEBUG] CDP command: Page.enable for tab: 1960181923
[Extension] [DEBUG] CDP command: Page.getFrameTree for tab: 1960181923
[Extension] [DEBUG] CDP command: Log.enable for tab: 1960181923
[Extension] [DEBUG] CDP command: Page.setLifecycleEventsEnabled for tab: 1960181923
[Extension] [DEBUG] CDP command: Page.addScriptToEvaluateOnNewDocument for tab: 1960181923
[Extension] [DEBUG] CDP command: Network.enable for tab: 1960181923
[Extension] [DEBUG] CDP command: Target.setAutoAttach for tab: 1960181923
[Extension] [DEBUG] CDP command: Emulation.setFocusEmulationEnabled for tab: 1960181923
[Extension] [DEBUG] CDP command: Emulation.setEmulatedMedia for tab: 1960181923
[Extension] [DEBUG] CDP command: Runtime.runIfWaitingForDebugger for tab: 1960181923
[Extension] [DEBUG] Found parent tab for child session: 93A89A08E4B4CB0DE14CC97B1DC47BDD tabId: 1960181923
[Extension] [DEBUG] CDP command: Runtime.runIfWaitingForDebugger for tab: 1960181923
[Extension] [DEBUG] CDP command: Page.enable for tab: 1960181934
[Extension] [DEBUG] CDP command: Page.getFrameTree for tab: 1960181934
[Extension] [DEBUG] CDP command: Log.enable for tab: 1960181934
[Extension] [DEBUG] CDP command: Page.setLifecycleEventsEnabled for tab: 1960181934
[Extension] [DEBUG] CDP command: Page.addScriptToEvaluateOnNewDocument for tab: 1960181934
[Extension] [DEBUG] CDP command: Network.enable for tab: 1960181934
[Extension] [DEBUG] CDP command: Target.setAutoAttach for tab: 1960181934
[Extension] [DEBUG] CDP command: Emulation.setFocusEmulationEnabled for tab: 1960181934
[Extension] [DEBUG] CDP command: Emulation.setEmulatedMedia for tab: 1960181934
[Extension] [DEBUG] CDP command: Runtime.runIfWaitingForDebugger for tab: 1960181934
[Extension] [DEBUG] Forwarding CDP event: Page.lifecycleEvent from tab: 1960181923
← Extension: Page.lifecycleEvent sessionId=pw-tab-14ad3lxn4rdiu-1
→ Playwright [ALL]: Page.lifecycleEvent sessionId=pw-tab-14ad3lxn4rdiu-1
[Extension] [DEBUG] Forwarding CDP event: Page.lifecycleEvent from tab: 1960181923
← Extension: Page.lifecycleEvent sessionId=pw-tab-14ad3lxn4rdiu-1
→ Playwright [ALL]: Page.lifecycleEvent sessionId=pw-tab-14ad3lxn4rdiu-1
[Extension] [DEBUG] Forwarding CDP event: Page.lifecycleEvent from tab: 1960181923
← Extension: Page.lifecycleEvent sessionId=pw-tab-14ad3lxn4rdiu-1
→ Playwright [ALL]: Page.lifecycleEvent sessionId=pw-tab-14ad3lxn4rdiu-1
[Extension] [DEBUG] Forwarding CDP event: Page.lifecycleEvent from tab: 1960181923
← Extension: Page.lifecycleEvent sessionId=pw-tab-14ad3lxn4rdiu-1
→ Playwright [ALL]: Page.lifecycleEvent sessionId=pw-tab-14ad3lxn4rdiu-1
[Extension] [DEBUG] Forwarding CDP event: Page.lifecycleEvent from tab: 1960181923
← Extension: Page.lifecycleEvent sessionId=pw-tab-14ad3lxn4rdiu-1
→ Playwright [ALL]: Page.lifecycleEvent sessionId=pw-tab-14ad3lxn4rdiu-1
[Extension] [DEBUG] Forwarding CDP event: Page.lifecycleEvent from tab: 1960181923
← Extension: Page.lifecycleEvent sessionId=pw-tab-14ad3lxn4rdiu-1
→ Playwright [ALL]: Page.lifecycleEvent sessionId=pw-tab-14ad3lxn4rdiu-1
[Extension] [DEBUG] Forwarding CDP event: Page.lifecycleEvent from tab: 1960181923
← Extension: Page.lifecycleEvent sessionId=pw-tab-14ad3lxn4rdiu-1
→ Playwright [ALL]: Page.lifecycleEvent sessionId=pw-tab-14ad3lxn4rdiu-1
[Extension] [DEBUG] Forwarding CDP event: Page.lifecycleEvent from tab: 1960181923
← Extension: Page.lifecycleEvent sessionId=pw-tab-14ad3lxn4rdiu-1
→ Playwright [ALL]: Page.lifecycleEvent sessionId=pw-tab-14ad3lxn4rdiu-1
[Extension] [DEBUG] Forwarding CDP event: Page.lifecycleEvent from tab: 1960181923
← Extension: Page.lifecycleEvent sessionId=pw-tab-14ad3lxn4rdiu-1
→ Playwright [ALL]: Page.lifecycleEvent sessionId=pw-tab-14ad3lxn4rdiu-1
[Extension] [DEBUG] Forwarding CDP event: Page.lifecycleEvent from tab: 1960181923
← Extension: Page.lifecycleEvent sessionId=pw-tab-14ad3lxn4rdiu-1
→ Playwright [ALL]: Page.lifecycleEvent sessionId=pw-tab-14ad3lxn4rdiu-1
← Playwright [nlonhoseby_1772663310409]: Page.createIsolatedWorld id=28, sessionId=pw-tab-14ad3lxn4rdiu-1
← Playwright [nlonhoseby_1772663310409]: Page.createIsolatedWorld id=29, sessionId=pw-tab-14ad3lxn4rdiu-1
[Extension] [DEBUG] Forwarding CDP event: Page.lifecycleEvent from tab: 1960181934
← Extension: Page.lifecycleEvent sessionId=pw-tab-14ad3lxn4rdiu-7
→ Playwright [ALL]: Page.lifecycleEvent sessionId=pw-tab-14ad3lxn4rdiu-7
[Extension] [DEBUG] Forwarding CDP event: Page.lifecycleEvent from tab: 1960181934
← Extension: Page.lifecycleEvent sessionId=pw-tab-14ad3lxn4rdiu-7
→ Playwright [ALL]: Page.lifecycleEvent sessionId=pw-tab-14ad3lxn4rdiu-7
[Extension] [DEBUG] Forwarding CDP event: Page.lifecycleEvent from tab: 1960181934
← Extension: Page.lifecycleEvent sessionId=pw-tab-14ad3lxn4rdiu-7
→ Playwright [ALL]: Page.lifecycleEvent sessionId=pw-tab-14ad3lxn4rdiu-7
[Extension] [DEBUG] Forwarding CDP event: Page.lifecycleEvent from tab: 1960181934
← Extension: Page.lifecycleEvent sessionId=pw-tab-14ad3lxn4rdiu-7
→ Playwright [ALL]: Page.lifecycleEvent sessionId=pw-tab-14ad3lxn4rdiu-7
[Extension] [DEBUG] Forwarding CDP event: Page.lifecycleEvent from tab: 1960181934
← Extension: Page.lifecycleEvent sessionId=pw-tab-14ad3lxn4rdiu-7
→ Playwright [ALL]: Page.lifecycleEvent sessionId=pw-tab-14ad3lxn4rdiu-7
[Extension] [DEBUG] Forwarding CDP event: Page.lifecycleEvent from tab: 1960181934
← Extension: Page.lifecycleEvent sessionId=pw-tab-14ad3lxn4rdiu-7
→ Playwright [ALL]: Page.lifecycleEvent sessionId=pw-tab-14ad3lxn4rdiu-7
[Extension] [DEBUG] Forwarding CDP event: Page.lifecycleEvent from tab: 1960181934
← Extension: Page.lifecycleEvent sessionId=pw-tab-14ad3lxn4rdiu-7
→ Playwright [ALL]: Page.lifecycleEvent sessionId=pw-tab-14ad3lxn4rdiu-7
[Extension] [DEBUG] Forwarding CDP event: Page.lifecycleEvent from tab: 1960181934
← Extension: Page.lifecycleEvent sessionId=pw-tab-14ad3lxn4rdiu-7
→ Playwright [ALL]: Page.lifecycleEvent sessionId=pw-tab-14ad3lxn4rdiu-7
[Extension] [DEBUG] Forwarding CDP event: Page.lifecycleEvent from tab: 1960181934
← Extension: Page.lifecycleEvent sessionId=pw-tab-14ad3lxn4rdiu-7
→ Playwright [ALL]: Page.lifecycleEvent sessionId=pw-tab-14ad3lxn4rdiu-7
[Extension] [DEBUG] Forwarding CDP event: Page.lifecycleEvent from tab: 1960181934
← Extension: Page.lifecycleEvent sessionId=pw-tab-14ad3lxn4rdiu-7
→ Playwright [ALL]: Page.lifecycleEvent sessionId=pw-tab-14ad3lxn4rdiu-7
[Extension] [DEBUG] Forwarding CDP event: Page.lifecycleEvent from tab: 1960181934
← Extension: Page.lifecycleEvent sessionId=pw-tab-14ad3lxn4rdiu-7
→ Playwright [ALL]: Page.lifecycleEvent sessionId=pw-tab-14ad3lxn4rdiu-7
[Extension] [DEBUG] Forwarding CDP event: Page.lifecycleEvent from tab: 1960181934
← Extension: Page.lifecycleEvent sessionId=pw-tab-14ad3lxn4rdiu-7
→ Playwright [ALL]: Page.lifecycleEvent sessionId=pw-tab-14ad3lxn4rdiu-7
[Extension] [DEBUG] Forwarding CDP event: Page.lifecycleEvent from tab: 1960181934
← Extension: Page.lifecycleEvent sessionId=pw-tab-14ad3lxn4rdiu-7
→ Playwright [ALL]: Page.lifecycleEvent sessionId=pw-tab-14ad3lxn4rdiu-7
[Extension] [DEBUG] Forwarding CDP event: Page.lifecycleEvent from tab: 1960181934
← Extension: Page.lifecycleEvent sessionId=pw-tab-14ad3lxn4rdiu-7
→ Playwright [ALL]: Page.lifecycleEvent sessionId=pw-tab-14ad3lxn4rdiu-7
[Extension] [DEBUG] Forwarding CDP event: Page.lifecycleEvent from tab: 1960181934
← Extension: Page.lifecycleEvent sessionId=pw-tab-14ad3lxn4rdiu-7
→ Playwright [ALL]: Page.lifecycleEvent sessionId=pw-tab-14ad3lxn4rdiu-7
[Extension] [DEBUG] Forwarding CDP event: Page.lifecycleEvent from tab: 1960181934
← Extension: Page.lifecycleEvent sessionId=pw-tab-14ad3lxn4rdiu-7
→ Playwright [ALL]: Page.lifecycleEvent sessionId=pw-tab-14ad3lxn4rdiu-7
[Extension] [DEBUG] Forwarding CDP event: Page.lifecycleEvent from tab: 1960181934
← Extension: Page.lifecycleEvent sessionId=pw-tab-14ad3lxn4rdiu-7
→ Playwright [ALL]: Page.lifecycleEvent sessionId=pw-tab-14ad3lxn4rdiu-7
[Extension] [DEBUG] Forwarding CDP event: Page.lifecycleEvent from tab: 1960181934
← Extension: Page.lifecycleEvent sessionId=pw-tab-14ad3lxn4rdiu-7
→ Playwright [ALL]: Page.lifecycleEvent sessionId=pw-tab-14ad3lxn4rdiu-7
[Extension] [DEBUG] Forwarding CDP event: Page.lifecycleEvent from tab: 1960181934
← Extension: Page.lifecycleEvent sessionId=pw-tab-14ad3lxn4rdiu-7
→ Playwright [ALL]: Page.lifecycleEvent sessionId=pw-tab-14ad3lxn4rdiu-7
[Extension] [DEBUG] CDP command: Page.createIsolatedWorld for tab: 1960181923
[Extension] [DEBUG] Forwarding CDP event: Page.lifecycleEvent from tab: 1960181934
← Extension: Page.lifecycleEvent sessionId=pw-tab-14ad3lxn4rdiu-7
→ Playwright [ALL]: Page.lifecycleEvent sessionId=pw-tab-14ad3lxn4rdiu-7
[Extension] [DEBUG] CDP command: Page.createIsolatedWorld for tab: 1960181923
← Playwright [nlonhoseby_1772663310409]: Target.detachFromTarget id=30
← Playwright [nlonhoseby_1772663310409]: Page.createIsolatedWorld id=31, sessionId=pw-tab-14ad3lxn4rdiu-7
← Playwright [nlonhoseby_1772663310409]: Page.createIsolatedWorld id=32, sessionId=pw-tab-14ad3lxn4rdiu-7
← Playwright [nlonhoseby_1772663310409]: Page.createIsolatedWorld id=33, sessionId=pw-tab-14ad3lxn4rdiu-7
← Playwright [nlonhoseby_1772663310409]: Page.createIsolatedWorld id=34, sessionId=pw-tab-14ad3lxn4rdiu-7
[Extension] [DEBUG] Error handling command: Error: No tab found for method Target.detachFromTarget sessionId: undefined params: {"sessionId":"93A89A08E4B4CB0DE14CC97B1DC47BDD"}
    at handleCommand (chrome-extension://pebbngnfojnignonigcnkdilknapkgid/background.js:976:11)
    at ws.onmessage (chrome-extension://pebbngnfojnignonigcnkdilknapkgid/background.js:548:33)
[Extension] [DEBUG] CDP command: Page.createIsolatedWorld for tab: 1960181934
[Extension] [DEBUG] CDP command: Page.createIsolatedWorld for tab: 1960181934
[Extension] [DEBUG] CDP command: Page.createIsolatedWorld for tab: 1960181934
[Extension] [DEBUG] CDP command: Page.createIsolatedWorld for tab: 1960181934
Error handling CDP command: Target.detachFromTarget { sessionId: '93A89A08E4B4CB0DE14CC97B1DC47BDD' } Error: No tab found for method Target.detachFromTarget sessionId: undefined params: {"sessionId":"93A89A08E4B4CB0DE14CC97B1DC47BDD"}
    at Object.onMessage (/Users/yuanjiwei/Documents/GitHub/runbrowser/packages/relay/src/server.ts:1336:30)
    at handleMessage (file:///Users/yuanjiwei/Documents/GitHub/runbrowser/node_modules/.pnpm/@hono+node-ws@1.3.0_@hono+node-server@1.19.9_hono@4.12.3__hono@4.12.3/node_modules/@hono/node-ws/dist/index.js:118:26)
    at WebSocket.<anonymous> (file:///Users/yuanjiwei/Documents/GitHub/runbrowser/node_modules/.pnpm/@hono+node-ws@1.3.0_@hono+node-server@1.19.9_hono@4.12.3__hono@4.12.3/node_modules/@hono/node-ws/dist/index.js:126:6)
    at WebSocket.emit (node:events:508:20)
    at Receiver.receiverOnMessage (/Users/yuanjiwei/Documents/GitHub/runbrowser/node_modules/.pnpm/ws@8.19.0/node_modules/ws/lib/websocket.js:1225:20)
    at Receiver.emit (node:events:508:20)
    at Receiver.dataMessage (/Users/yuanjiwei/Documents/GitHub/runbrowser/node_modules/.pnpm/ws@8.19.0/node_modules/ws/lib/receiver.js:596:14)
    at Receiver.getData (/Users/yuanjiwei/Documents/GitHub/runbrowser/node_modules/.pnpm/ws@8.19.0/node_modules/ws/lib/receiver.js:496:10)
    at Receiver.startLoop (/Users/yuanjiwei/Documents/GitHub/runbrowser/node_modules/.pnpm/ws@8.19.0/node_modules/ws/lib/receiver.js:167:16)
    at Receiver._write (/Users/yuanjiwei/Documents/GitHub/runbrowser/node_modules/.pnpm/ws@8.19.0/node_modules/ws/lib/receiver.js:94:10)
[Extension] [DEBUG] Forwarding CDP event: Runtime.executionContextCreated from tab: 1960181923
← Extension: Runtime.executionContextCreated sessionId=pw-tab-14ad3lxn4rdiu-1
→ Playwright [ALL]: Runtime.executionContextCreated sessionId=pw-tab-14ad3lxn4rdiu-1
[Extension] [DEBUG] Forwarding CDP event: Runtime.executionContextCreated from tab: 1960181923
← Extension: Runtime.executionContextCreated sessionId=pw-tab-14ad3lxn4rdiu-1
→ Playwright [ALL]: Runtime.executionContextCreated sessionId=pw-tab-14ad3lxn4rdiu-1
[Extension] [DEBUG] Forwarding CDP event: Runtime.executionContextCreated from tab: 1960181923
← Extension: Runtime.executionContextCreated sessionId=pw-tab-14ad3lxn4rdiu-1
→ Playwright [ALL]: Runtime.executionContextCreated sessionId=pw-tab-14ad3lxn4rdiu-1
[Extension] [DEBUG] Forwarding CDP event: Runtime.executionContextCreated from tab: 1960181923
← Extension: Runtime.executionContextCreated sessionId=pw-tab-14ad3lxn4rdiu-1
→ Playwright [ALL]: Runtime.executionContextCreated sessionId=pw-tab-14ad3lxn4rdiu-1
[Extension] [DEBUG] Forwarding CDP event: Runtime.executionContextCreated from tab: 1960181923
← Extension: Runtime.executionContextCreated sessionId=pw-tab-14ad3lxn4rdiu-1
→ Playwright [ALL]: Runtime.executionContextCreated sessionId=pw-tab-14ad3lxn4rdiu-1
[Extension] [DEBUG] Forwarding CDP event: Runtime.executionContextCreated from tab: 1960181923
← Extension: Runtime.executionContextCreated sessionId=pw-tab-14ad3lxn4rdiu-1
→ Playwright [ALL]: Runtime.executionContextCreated sessionId=pw-tab-14ad3lxn4rdiu-1
[Extension] [DEBUG] Forwarding CDP event: Runtime.executionContextCreated from tab: 1960181923
← Extension: Runtime.executionContextCreated sessionId=pw-tab-14ad3lxn4rdiu-1
→ Playwright [ALL]: Runtime.executionContextCreated sessionId=pw-tab-14ad3lxn4rdiu-1
[Extension] [DEBUG] Forwarding CDP event: Runtime.executionContextCreated from tab: 1960181923
← Extension: Runtime.executionContextCreated sessionId=pw-tab-14ad3lxn4rdiu-1
→ Playwright [ALL]: Runtime.executionContextCreated sessionId=pw-tab-14ad3lxn4rdiu-1
[Extension] [DEBUG] Forwarding CDP event: Runtime.executionContextCreated from tab: 1960181923
← Extension: Runtime.executionContextCreated sessionId=pw-tab-14ad3lxn4rdiu-1
→ Playwright [ALL]: Runtime.executionContextCreated sessionId=pw-tab-14ad3lxn4rdiu-1
[Extension] [DEBUG] Forwarding CDP event: Runtime.executionContextCreated from tab: 1960181923
← Extension: Runtime.executionContextCreated sessionId=pw-tab-14ad3lxn4rdiu-1
→ Playwright [ALL]: Runtime.executionContextCreated sessionId=pw-tab-14ad3lxn4rdiu-1
[Extension] [DEBUG] Forwarding CDP event: Runtime.executionContextCreated from tab: 1960181923
← Extension: Runtime.executionContextCreated sessionId=pw-tab-14ad3lxn4rdiu-1
→ Playwright [ALL]: Runtime.executionContextCreated sessionId=pw-tab-14ad3lxn4rdiu-1
[Extension] [DEBUG] Forwarding CDP event: Runtime.executionContextCreated from tab: 1960181923
← Extension: Runtime.executionContextCreated sessionId=pw-tab-14ad3lxn4rdiu-1
→ Playwright [ALL]: Runtime.executionContextCreated sessionId=pw-tab-14ad3lxn4rdiu-1
[Extension] [DEBUG] Forwarding CDP event: Runtime.executionContextCreated from tab: 1960181923
← Extension: Runtime.executionContextCreated sessionId=pw-tab-14ad3lxn4rdiu-1
→ Playwright [ALL]: Runtime.executionContextCreated sessionId=pw-tab-14ad3lxn4rdiu-1
[Extension] [DEBUG] Forwarding CDP event: Runtime.executionContextCreated from tab: 1960181923
← Extension: Runtime.executionContextCreated sessionId=pw-tab-14ad3lxn4rdiu-1
→ Playwright [ALL]: Runtime.executionContextCreated sessionId=pw-tab-14ad3lxn4rdiu-1
[Extension] [DEBUG] Forwarding CDP event: Runtime.executionContextCreated from tab: 1960181923
← Extension: Runtime.executionContextCreated sessionId=pw-tab-14ad3lxn4rdiu-1
→ Playwright [ALL]: Runtime.executionContextCreated sessionId=pw-tab-14ad3lxn4rdiu-1
[Extension] [DEBUG] Forwarding CDP event: Runtime.executionContextCreated from tab: 1960181923
← Extension: Runtime.executionContextCreated sessionId=pw-tab-14ad3lxn4rdiu-1
→ Playwright [ALL]: Runtime.executionContextCreated sessionId=pw-tab-14ad3lxn4rdiu-1
[Extension] [DEBUG] Forwarding CDP event: Runtime.executionContextCreated from tab: 1960181923
← Extension: Runtime.executionContextCreated sessionId=pw-tab-14ad3lxn4rdiu-1
→ Playwright [ALL]: Runtime.executionContextCreated sessionId=pw-tab-14ad3lxn4rdiu-1
[Extension] [DEBUG] Forwarding CDP event: Runtime.executionContextCreated from tab: 1960181923
← Extension: Runtime.executionContextCreated sessionId=pw-tab-14ad3lxn4rdiu-1
→ Playwright [ALL]: Runtime.executionContextCreated sessionId=pw-tab-14ad3lxn4rdiu-1
[Extension] [DEBUG] Forwarding CDP event: Runtime.consoleAPICalled from tab: 1960181923
← Extension: Runtime.consoleAPICalled sessionId=pw-tab-14ad3lxn4rdiu-1
→ Playwright [ALL]: Runtime.consoleAPICalled sessionId=pw-tab-14ad3lxn4rdiu-1
[Extension] [DEBUG] Forwarding CDP event: Runtime.executionContextCreated from tab: 1960181934
← Extension: Runtime.executionContextCreated sessionId=pw-tab-14ad3lxn4rdiu-7
→ Playwright [ALL]: Runtime.executionContextCreated sessionId=pw-tab-14ad3lxn4rdiu-7
[Extension] [DEBUG] Forwarding CDP event: Runtime.executionContextCreated from tab: 1960181934
← Extension: Runtime.executionContextCreated sessionId=pw-tab-14ad3lxn4rdiu-7
→ Playwright [ALL]: Runtime.executionContextCreated sessionId=pw-tab-14ad3lxn4rdiu-7
[Extension] [DEBUG] Forwarding CDP event: Runtime.executionContextCreated from tab: 1960181934
← Extension: Runtime.executionContextCreated sessionId=pw-tab-14ad3lxn4rdiu-7
→ Playwright [ALL]: Runtime.executionContextCreated sessionId=pw-tab-14ad3lxn4rdiu-7
[Extension] [DEBUG] Forwarding CDP event: Runtime.executionContextCreated from tab: 1960181934
← Extension: Runtime.executionContextCreated sessionId=pw-tab-14ad3lxn4rdiu-7
→ Playwright [ALL]: Runtime.executionContextCreated sessionId=pw-tab-14ad3lxn4rdiu-7
[Extension] [DEBUG] Forwarding CDP event: Runtime.executionContextCreated from tab: 1960181934
← Extension: Runtime.executionContextCreated sessionId=pw-tab-14ad3lxn4rdiu-7
→ Playwright [ALL]: Runtime.executionContextCreated sessionId=pw-tab-14ad3lxn4rdiu-7
[Extension] [DEBUG] Forwarding CDP event: Runtime.executionContextCreated from tab: 1960181934
← Extension: Runtime.executionContextCreated sessionId=pw-tab-14ad3lxn4rdiu-7
→ Playwright [ALL]: Runtime.executionContextCreated sessionId=pw-tab-14ad3lxn4rdiu-7
[Extension] [DEBUG] Forwarding CDP event: Runtime.executionContextCreated from tab: 1960181934
← Extension: Runtime.executionContextCreated sessionId=pw-tab-14ad3lxn4rdiu-7
→ Playwright [ALL]: Runtime.executionContextCreated sessionId=pw-tab-14ad3lxn4rdiu-7
[Extension] [DEBUG] Forwarding CDP event: Runtime.executionContextCreated from tab: 1960181934
← Extension: Runtime.executionContextCreated sessionId=pw-tab-14ad3lxn4rdiu-7
→ Playwright [ALL]: Runtime.executionContextCreated sessionId=pw-tab-14ad3lxn4rdiu-7
[Extension] [DEBUG] Forwarding CDP event: Runtime.executionContextCreated from tab: 1960181934
← Extension: Runtime.executionContextCreated sessionId=pw-tab-14ad3lxn4rdiu-7
→ Playwright [ALL]: Runtime.executionContextCreated sessionId=pw-tab-14ad3lxn4rdiu-7
[Extension] [DEBUG] Forwarding CDP event: Runtime.executionContextCreated from tab: 1960181934
← Extension: Runtime.executionContextCreated sessionId=pw-tab-14ad3lxn4rdiu-7
→ Playwright [ALL]: Runtime.executionContextCreated sessionId=pw-tab-14ad3lxn4rdiu-7
[Extension] [DEBUG] Forwarding CDP event: Runtime.executionContextCreated from tab: 1960181934
← Extension: Runtime.executionContextCreated sessionId=pw-tab-14ad3lxn4rdiu-7
→ Playwright [ALL]: Runtime.executionContextCreated sessionId=pw-tab-14ad3lxn4rdiu-7
[Extension] [DEBUG] Forwarding CDP event: Runtime.executionContextCreated from tab: 1960181934
← Extension: Runtime.executionContextCreated sessionId=pw-tab-14ad3lxn4rdiu-7
→ Playwright [ALL]: Runtime.executionContextCreated sessionId=pw-tab-14ad3lxn4rdiu-7
[Extension] [DEBUG] Forwarding CDP event: Runtime.executionContextCreated from tab: 1960181934
← Extension: Runtime.executionContextCreated sessionId=pw-tab-14ad3lxn4rdiu-7
→ Playwright [ALL]: Runtime.executionContextCreated sessionId=pw-tab-14ad3lxn4rdiu-7
[Extension] [DEBUG] Forwarding CDP event: Runtime.executionContextCreated from tab: 1960181934
← Extension: Runtime.executionContextCreated sessionId=pw-tab-14ad3lxn4rdiu-7
→ Playwright [ALL]: Runtime.executionContextCreated sessionId=pw-tab-14ad3lxn4rdiu-7
[Extension] [DEBUG] Forwarding CDP event: Runtime.executionContextCreated from tab: 1960181934
← Extension: Runtime.executionContextCreated sessionId=pw-tab-14ad3lxn4rdiu-7
→ Playwright [ALL]: Runtime.executionContextCreated sessionId=pw-tab-14ad3lxn4rdiu-7
[Extension] [DEBUG] Forwarding CDP event: Runtime.executionContextCreated from tab: 1960181934
← Extension: Runtime.executionContextCreated sessionId=pw-tab-14ad3lxn4rdiu-7
→ Playwright [ALL]: Runtime.executionContextCreated sessionId=pw-tab-14ad3lxn4rdiu-7
[Extension] [DEBUG] Forwarding CDP event: Runtime.consoleAPICalled from tab: 1960181934
← Extension: Runtime.consoleAPICalled sessionId=pw-tab-14ad3lxn4rdiu-7
→ Playwright [ALL]: Runtime.consoleAPICalled sessionId=pw-tab-14ad3lxn4rdiu-7
← Playwright [nlonhoseby_1772663310409]: Runtime.evaluate id=35, sessionId=pw-tab-14ad3lxn4rdiu-1
[Extension] [DEBUG] CDP command: Runtime.evaluate for tab: 1960181923
← Playwright [nlonhoseby_1772663310409]: Runtime.callFunctionOn id=36, sessionId=pw-tab-14ad3lxn4rdiu-1
[Extension] [DEBUG] CDP command: Runtime.callFunctionOn for tab: 1960181923
← Playwright [nlonhoseby_1772663310409]: Runtime.evaluate id=37, sessionId=pw-tab-14ad3lxn4rdiu-7
[Extension] [DEBUG] CDP command: Runtime.evaluate for tab: 1960181934
← Playwright [nlonhoseby_1772663310409]: Runtime.callFunctionOn id=38, sessionId=pw-tab-14ad3lxn4rdiu-7
[Extension] [DEBUG] CDP command: Runtime.callFunctionOn for tab: 1960181934
Playwright client disconnected: nlonhoseby_1772663310409 (0 remaining)
Playwright client connected: g898f0rk8xi_1772663310600 (1 total) (extension? true) (2 pages)
← Playwright [g898f0rk8xi_1772663310600]: Browser.getVersion id=1
← Playwright [g898f0rk8xi_1772663310600]: Target.setAutoAttach id=2
← Playwright [g898f0rk8xi_1772663310600]: Browser.setDownloadBehavior id=3
[Server] Target.attachedToTarget full payload: {"method":"Target.attachedToTarget","params":{"sessionId":"pw-tab-13kpcdvamyxj8-1","targetInfo":{"attached":true,"browserContextId":"32732A5B1AED29F7725478B021AC3D92","canAccessOpener":false,"targetId":"0EF45717F197C7F8558E16FCAEF3BFB8","title":"about:blank","type":"page","url":"about:blank"},"waitingForDebugger":false}}
→ Playwright [g898f0rk8xi_1772663310600]: Target.attachedToTarget targetId=0EF45717F197C7F8558E16FCAEF3BFB8, sessionId=pw-tab-13kpcdvamyxj8-1 (server-generated)
[Server] Target.attachedToTarget full payload: {"method":"Target.attachedToTarget","params":{"sessionId":"pw-tab-13kpcdvamyxj8-11","targetInfo":{"attached":true,"browserContextId":"32732A5B1AED29F7725478B021AC3D92","canAccessOpener":false,"targetId":"37A191C08F448915A2B15DE965511E92","title":"Example Domain","type":"page","url":"https://example.com/repeated-test"},"waitingForDebugger":false}}
→ Playwright [g898f0rk8xi_1772663310600]: Target.attachedToTarget targetId=37A191C08F448915A2B15DE965511E92, sessionId=pw-tab-13kpcdvamyxj8-11 (server-generated)
← Playwright [g898f0rk8xi_1772663310600]: Page.enable id=4, sessionId=pw-tab-13kpcdvamyxj8-1
← Playwright [g898f0rk8xi_1772663310600]: Page.getFrameTree id=5, sessionId=pw-tab-13kpcdvamyxj8-1
← Playwright [g898f0rk8xi_1772663310600]: Log.enable id=6, sessionId=pw-tab-13kpcdvamyxj8-1
← Playwright [g898f0rk8xi_1772663310600]: Page.setLifecycleEventsEnabled id=7, sessionId=pw-tab-13kpcdvamyxj8-1
← Playwright [g898f0rk8xi_1772663310600]: Runtime.enable id=8, sessionId=pw-tab-13kpcdvamyxj8-1
← Playwright [g898f0rk8xi_1772663310600]: Page.addScriptToEvaluateOnNewDocument id=9, sessionId=pw-tab-13kpcdvamyxj8-1
← Playwright [g898f0rk8xi_1772663310600]: Network.enable id=10, sessionId=pw-tab-13kpcdvamyxj8-1
← Playwright [g898f0rk8xi_1772663310600]: Target.setAutoAttach id=11, sessionId=pw-tab-13kpcdvamyxj8-1
← Playwright [g898f0rk8xi_1772663310600]: Emulation.setFocusEmulationEnabled id=12, sessionId=pw-tab-13kpcdvamyxj8-1
← Playwright [g898f0rk8xi_1772663310600]: Emulation.setEmulatedMedia id=13, sessionId=pw-tab-13kpcdvamyxj8-1
← Playwright [g898f0rk8xi_1772663310600]: Runtime.runIfWaitingForDebugger id=14, sessionId=pw-tab-13kpcdvamyxj8-1
← Playwright [g898f0rk8xi_1772663310600]: Page.enable id=15, sessionId=pw-tab-13kpcdvamyxj8-11
← Playwright [g898f0rk8xi_1772663310600]: Page.getFrameTree id=16, sessionId=pw-tab-13kpcdvamyxj8-11
← Playwright [g898f0rk8xi_1772663310600]: Log.enable id=17, sessionId=pw-tab-13kpcdvamyxj8-11
← Playwright [g898f0rk8xi_1772663310600]: Page.setLifecycleEventsEnabled id=18, sessionId=pw-tab-13kpcdvamyxj8-11
← Playwright [g898f0rk8xi_1772663310600]: Runtime.enable id=19, sessionId=pw-tab-13kpcdvamyxj8-11
← Playwright [g898f0rk8xi_1772663310600]: Page.addScriptToEvaluateOnNewDocument id=20, sessionId=pw-tab-13kpcdvamyxj8-11
← Playwright [g898f0rk8xi_1772663310600]: Network.enable id=21, sessionId=pw-tab-13kpcdvamyxj8-11
← Playwright [g898f0rk8xi_1772663310600]: Target.setAutoAttach id=22, sessionId=pw-tab-13kpcdvamyxj8-11
← Playwright [g898f0rk8xi_1772663310600]: Emulation.setFocusEmulationEnabled id=23, sessionId=pw-tab-13kpcdvamyxj8-11
← Playwright [g898f0rk8xi_1772663310600]: Emulation.setEmulatedMedia id=24, sessionId=pw-tab-13kpcdvamyxj8-11
← Playwright [g898f0rk8xi_1772663310600]: Runtime.runIfWaitingForDebugger id=25, sessionId=pw-tab-13kpcdvamyxj8-11
← Playwright [g898f0rk8xi_1772663310600]: Target.getTargetInfo id=26
[Extension] [DEBUG] CDP command: Page.enable for tab: 205602199
[Extension] [DEBUG] CDP command: Page.getFrameTree for tab: 205602199
[Extension] [DEBUG] CDP command: Log.enable for tab: 205602199
[Extension] [DEBUG] CDP command: Page.setLifecycleEventsEnabled for tab: 205602199
[Extension] [DEBUG] CDP command: Page.addScriptToEvaluateOnNewDocument for tab: 205602199
[Extension] [DEBUG] CDP command: Network.enable for tab: 205602199
[Extension] [DEBUG] CDP command: Target.setAutoAttach for tab: 205602199
[Extension] [DEBUG] CDP command: Emulation.setFocusEmulationEnabled for tab: 205602199
[Extension] [DEBUG] CDP command: Emulation.setEmulatedMedia for tab: 205602199
[Extension] [DEBUG] CDP command: Runtime.runIfWaitingForDebugger for tab: 205602199
[Extension] [DEBUG] CDP command: Page.enable for tab: 205602214
[Extension] [DEBUG] CDP command: Page.getFrameTree for tab: 205602214
[Extension] [DEBUG] CDP command: Log.enable for tab: 205602214
[Extension] [DEBUG] CDP command: Page.setLifecycleEventsEnabled for tab: 205602214
[Extension] [DEBUG] CDP command: Page.addScriptToEvaluateOnNewDocument for tab: 205602214
[Extension] [DEBUG] CDP command: Network.enable for tab: 205602214
[Extension] [DEBUG] CDP command: Target.setAutoAttach for tab: 205602214
[Extension] [DEBUG] CDP command: Emulation.setFocusEmulationEnabled for tab: 205602214
[Extension] [DEBUG] CDP command: Emulation.setEmulatedMedia for tab: 205602214
[Extension] [DEBUG] CDP command: Runtime.runIfWaitingForDebugger for tab: 205602214
[Extension] [DEBUG] Forwarding CDP event: Page.lifecycleEvent from tab: 205602199
← Extension: Page.lifecycleEvent sessionId=pw-tab-13kpcdvamyxj8-1
→ Playwright [ALL]: Page.lifecycleEvent sessionId=pw-tab-13kpcdvamyxj8-1
[Extension] [DEBUG] Forwarding CDP event: Page.lifecycleEvent from tab: 205602199
← Extension: Page.lifecycleEvent sessionId=pw-tab-13kpcdvamyxj8-1
→ Playwright [ALL]: Page.lifecycleEvent sessionId=pw-tab-13kpcdvamyxj8-1
[Extension] [DEBUG] Forwarding CDP event: Page.lifecycleEvent from tab: 205602199
← Extension: Page.lifecycleEvent sessionId=pw-tab-13kpcdvamyxj8-1
→ Playwright [ALL]: Page.lifecycleEvent sessionId=pw-tab-13kpcdvamyxj8-1
[Extension] [DEBUG] Forwarding CDP event: Page.lifecycleEvent from tab: 205602199
← Extension: Page.lifecycleEvent sessionId=pw-tab-13kpcdvamyxj8-1
→ Playwright [ALL]: Page.lifecycleEvent sessionId=pw-tab-13kpcdvamyxj8-1
[Extension] [DEBUG] Forwarding CDP event: Page.lifecycleEvent from tab: 205602199
← Extension: Page.lifecycleEvent sessionId=pw-tab-13kpcdvamyxj8-1
→ Playwright [ALL]: Page.lifecycleEvent sessionId=pw-tab-13kpcdvamyxj8-1
[Extension] [DEBUG] Forwarding CDP event: Page.lifecycleEvent from tab: 205602214
← Extension: Page.lifecycleEvent sessionId=pw-tab-13kpcdvamyxj8-11
→ Playwright [ALL]: Page.lifecycleEvent sessionId=pw-tab-13kpcdvamyxj8-11
[Extension] [DEBUG] Forwarding CDP event: Page.lifecycleEvent from tab: 205602214
← Extension: Page.lifecycleEvent sessionId=pw-tab-13kpcdvamyxj8-11
→ Playwright [ALL]: Page.lifecycleEvent sessionId=pw-tab-13kpcdvamyxj8-11
[Extension] [DEBUG] Forwarding CDP event: Page.lifecycleEvent from tab: 205602214
← Extension: Page.lifecycleEvent sessionId=pw-tab-13kpcdvamyxj8-11
→ Playwright [ALL]: Page.lifecycleEvent sessionId=pw-tab-13kpcdvamyxj8-11
[Extension] [DEBUG] Forwarding CDP event: Page.lifecycleEvent from tab: 205602214
← Extension: Page.lifecycleEvent sessionId=pw-tab-13kpcdvamyxj8-11
→ Playwright [ALL]: Page.lifecycleEvent sessionId=pw-tab-13kpcdvamyxj8-11
[Extension] [DEBUG] Forwarding CDP event: Page.lifecycleEvent from tab: 205602214
← Extension: Page.lifecycleEvent sessionId=pw-tab-13kpcdvamyxj8-11
→ Playwright [ALL]: Page.lifecycleEvent sessionId=pw-tab-13kpcdvamyxj8-11
← Playwright [g898f0rk8xi_1772663310600]: Page.createIsolatedWorld id=27, sessionId=pw-tab-13kpcdvamyxj8-1
[Extension] [DEBUG] CDP command: Page.createIsolatedWorld for tab: 205602199
← Playwright [g898f0rk8xi_1772663310600]: Page.createIsolatedWorld id=28, sessionId=pw-tab-13kpcdvamyxj8-11
[Extension] [DEBUG] CDP command: Page.createIsolatedWorld for tab: 205602214
Playwright client connected: l7yj410pn_1772663310646 (1 total) (extension? true) (3 pages)
← Playwright [l7yj410pn_1772663310646]: Browser.getVersion id=1
← Playwright [l7yj410pn_1772663310646]: Target.setAutoAttach id=2
← Playwright [l7yj410pn_1772663310646]: Browser.setDownloadBehavior id=3
[Server] Target.attachedToTarget full payload: {"method":"Target.attachedToTarget","params":{"sessionId":"pw-tab-14ad3lxn4rdiu-1","targetInfo":{"attached":true,"browserContextId":"2A779D328DE2816E05994C303EE2C572","canAccessOpener":false,"targetId":"3725B15B6968473F21B6C2BE1437EA94","title":"about:blank","type":"page","url":"https://www.youtube.com/"},"waitingForDebugger":false}}
→ Playwright [l7yj410pn_1772663310646]: Target.attachedToTarget targetId=3725B15B6968473F21B6C2BE1437EA94, sessionId=pw-tab-14ad3lxn4rdiu-1 (server-generated)
[Server] Target.attachedToTarget full payload: {"method":"Target.attachedToTarget","params":{"sessionId":"93A89A08E4B4CB0DE14CC97B1DC47BDD","targetInfo":{"attached":true,"browserContextId":"2A779D328DE2816E05994C303EE2C572","canAccessOpener":false,"parentFrameId":"3725B15B6968473F21B6C2BE1437EA94","targetId":"A9B9C9D0E6A611E64FC7374011E383BA","title":"https://accounts.google.com/v3/signin/identifier?continue=https%3A%2F%2Fwww.youtube.com%2Fsignin%3Faction_handle_signin%3Dtrue%26app%3Ddesktop%26hl%3Den-GB%26next%3D%252Fsignin_passive%26feature%3Dpassive&dsh=S-2062637096%3A1772663308029064&hl=en-GB&ifkv=ASfE1-rTWw9t5B7mi_2qEXZBce9SI40rLayKe9okfWKzAl7HhtYfKyN7Qd4Relw1jLxl9GODU-N7&passive=true&service=youtube&uilel=3&flowName=WebLiteSignIn&flowEntry=ServiceLogin","type":"iframe","url":"https://accounts.google.com/v3/signin/identifier?continue=https%3A%2F%2Fwww.youtube.com%2Fsignin%3Faction_handle_signin%3Dtrue%26app%3Ddesktop%26hl%3Den-GB%26next%3D%252Fsignin_passive%26feature%3Dpassive&dsh=S-2062637096%3A1772663308029064&hl=en-GB&ifkv=ASfE1-rTWw9t5B7mi_2qEXZBce9SI40rLayKe9okfWKzAl7HhtYfKyN7Qd4Relw1jLxl9GODU-N7&passive=true&service=youtube&uilel=3&flowName=WebLiteSignIn&flowEntry=ServiceLogin"},"waitingForDebugger":false}}
→ Playwright [l7yj410pn_1772663310646]: Target.attachedToTarget targetId=A9B9C9D0E6A611E64FC7374011E383BA, sessionId=93A89A08E4B4CB0DE14CC97B1DC47BDD (server-generated)
[Server] Target.attachedToTarget full payload: {"method":"Target.attachedToTarget","params":{"sessionId":"pw-tab-14ad3lxn4rdiu-7","targetInfo":{"attached":true,"browserContextId":"2A779D328DE2816E05994C303EE2C572","canAccessOpener":false,"targetId":"F301E4D51676810BD1E149AB8B0753C6","title":"Iframe Test Page","type":"page","url":"about:blank"},"waitingForDebugger":false}}
→ Playwright [l7yj410pn_1772663310646]: Target.attachedToTarget targetId=F301E4D51676810BD1E149AB8B0753C6, sessionId=pw-tab-14ad3lxn4rdiu-7 (server-generated)
[Extension] [DEBUG] Forwarding CDP event: Runtime.executionContextCreated from tab: 205602199
← Playwright [l7yj410pn_1772663310646]: Page.enable id=4, sessionId=pw-tab-14ad3lxn4rdiu-1
← Playwright [l7yj410pn_1772663310646]: Page.getFrameTree id=5, sessionId=pw-tab-14ad3lxn4rdiu-1
← Playwright [l7yj410pn_1772663310646]: Log.enable id=6, sessionId=pw-tab-14ad3lxn4rdiu-1
← Playwright [l7yj410pn_1772663310646]: Page.setLifecycleEventsEnabled id=7, sessionId=pw-tab-14ad3lxn4rdiu-1
← Playwright [l7yj410pn_1772663310646]: Runtime.enable id=8, sessionId=pw-tab-14ad3lxn4rdiu-1
← Playwright [l7yj410pn_1772663310646]: Page.addScriptToEvaluateOnNewDocument id=9, sessionId=pw-tab-14ad3lxn4rdiu-1
← Playwright [l7yj410pn_1772663310646]: Network.enable id=10, sessionId=pw-tab-14ad3lxn4rdiu-1
← Playwright [l7yj410pn_1772663310646]: Target.setAutoAttach id=11, sessionId=pw-tab-14ad3lxn4rdiu-1
← Playwright [l7yj410pn_1772663310646]: Emulation.setFocusEmulationEnabled id=12, sessionId=pw-tab-14ad3lxn4rdiu-1
← Playwright [l7yj410pn_1772663310646]: Emulation.setEmulatedMedia id=13, sessionId=pw-tab-14ad3lxn4rdiu-1
← Playwright [l7yj410pn_1772663310646]: Runtime.runIfWaitingForDebugger id=14, sessionId=pw-tab-14ad3lxn4rdiu-1
← Playwright [l7yj410pn_1772663310646]: Runtime.runIfWaitingForDebugger id=15, sessionId=93A89A08E4B4CB0DE14CC97B1DC47BDD
← Playwright [l7yj410pn_1772663310646]: Page.enable id=16, sessionId=pw-tab-14ad3lxn4rdiu-7
← Playwright [l7yj410pn_1772663310646]: Page.getFrameTree id=17, sessionId=pw-tab-14ad3lxn4rdiu-7
← Playwright [l7yj410pn_1772663310646]: Log.enable id=18, sessionId=pw-tab-14ad3lxn4rdiu-7
← Playwright [l7yj410pn_1772663310646]: Page.setLifecycleEventsEnabled id=19, sessionId=pw-tab-14ad3lxn4rdiu-7
← Playwright [l7yj410pn_1772663310646]: Runtime.enable id=20, sessionId=pw-tab-14ad3lxn4rdiu-7
← Extension: Runtime.executionContextCreated sessionId=pw-tab-13kpcdvamyxj8-1
← Playwright [l7yj410pn_1772663310646]: Page.addScriptToEvaluateOnNewDocument id=21, sessionId=pw-tab-14ad3lxn4rdiu-7
← Playwright [l7yj410pn_1772663310646]: Network.enable id=22, sessionId=pw-tab-14ad3lxn4rdiu-7
← Playwright [l7yj410pn_1772663310646]: Target.setAutoAttach id=23, sessionId=pw-tab-14ad3lxn4rdiu-7
→ Playwright [ALL]: Runtime.executionContextCreated sessionId=pw-tab-13kpcdvamyxj8-1
← Playwright [l7yj410pn_1772663310646]: Emulation.setFocusEmulationEnabled id=24, sessionId=pw-tab-14ad3lxn4rdiu-7
← Playwright [l7yj410pn_1772663310646]: Emulation.setEmulatedMedia id=25, sessionId=pw-tab-14ad3lxn4rdiu-7
[Extension] [DEBUG] Forwarding CDP event: Runtime.executionContextCreated from tab: 205602199
← Playwright [l7yj410pn_1772663310646]: Runtime.runIfWaitingForDebugger id=26, sessionId=pw-tab-14ad3lxn4rdiu-7
← Extension: Runtime.executionContextCreated sessionId=pw-tab-13kpcdvamyxj8-1
← Playwright [l7yj410pn_1772663310646]: Target.getTargetInfo id=27
→ Playwright [ALL]: Runtime.executionContextCreated sessionId=pw-tab-13kpcdvamyxj8-1
[Extension] [DEBUG] CDP command: Page.enable for tab: 1960181923
[Extension] [DEBUG] CDP command: Page.getFrameTree for tab: 1960181923
[Extension] [DEBUG] Forwarding CDP event: Runtime.executionContextCreated from tab: 205602199
[Extension] [DEBUG] CDP command: Log.enable for tab: 1960181923
← Extension: Runtime.executionContextCreated sessionId=pw-tab-13kpcdvamyxj8-1
→ Playwright [ALL]: Runtime.executionContextCreated sessionId=pw-tab-13kpcdvamyxj8-1
[Extension] [DEBUG] CDP command: Page.setLifecycleEventsEnabled for tab: 1960181923
[Extension] [DEBUG] CDP command: Page.addScriptToEvaluateOnNewDocument for tab: 1960181923
[Extension] [DEBUG] Forwarding CDP event: Runtime.executionContextCreated from tab: 205602199
[Extension] [DEBUG] CDP command: Network.enable for tab: 1960181923
← Extension: Runtime.executionContextCreated sessionId=pw-tab-13kpcdvamyxj8-1
[Extension] [DEBUG] CDP command: Target.setAutoAttach for tab: 1960181923
[Extension] [DEBUG] CDP command: Emulation.setFocusEmulationEnabled for tab: 1960181923
→ Playwright [ALL]: Runtime.executionContextCreated sessionId=pw-tab-13kpcdvamyxj8-1
[Extension] [DEBUG] Forwarding CDP event: Runtime.executionContextCreated from tab: 205602199
← Extension: Runtime.executionContextCreated sessionId=pw-tab-13kpcdvamyxj8-1
[Extension] [DEBUG] CDP command: Emulation.setEmulatedMedia for tab: 1960181923
→ Playwright [ALL]: Runtime.executionContextCreated sessionId=pw-tab-13kpcdvamyxj8-1
[Extension] [DEBUG] Forwarding CDP event: Runtime.executionContextCreated from tab: 205602199
[Extension] [DEBUG] CDP command: Runtime.runIfWaitingForDebugger for tab: 1960181923
← Extension: Runtime.executionContextCreated sessionId=pw-tab-13kpcdvamyxj8-1
[Extension] [DEBUG] Found parent tab for child session: 93A89A08E4B4CB0DE14CC97B1DC47BDD tabId: 1960181923
→ Playwright [ALL]: Runtime.executionContextCreated sessionId=pw-tab-13kpcdvamyxj8-1
[Extension] [DEBUG] CDP command: Runtime.runIfWaitingForDebugger for tab: 1960181923
[Extension] [DEBUG] Forwarding CDP event: Runtime.executionContextCreated from tab: 205602199
← Extension: Runtime.executionContextCreated sessionId=pw-tab-13kpcdvamyxj8-1
[Extension] [DEBUG] CDP command: Page.enable for tab: 1960181934
→ Playwright [ALL]: Runtime.executionContextCreated sessionId=pw-tab-13kpcdvamyxj8-1
[Extension] [DEBUG] CDP command: Page.getFrameTree for tab: 1960181934
[Extension] [DEBUG] Forwarding CDP event: Runtime.executionContextCreated from tab: 205602199
[Extension] [DEBUG] CDP command: Log.enable for tab: 1960181934
← Extension: Runtime.executionContextCreated sessionId=pw-tab-13kpcdvamyxj8-1
[Extension] [DEBUG] Forwarding CDP event: Page.lifecycleEvent from tab: 1960181923
→ Playwright [ALL]: Runtime.executionContextCreated sessionId=pw-tab-13kpcdvamyxj8-1
[Extension] [DEBUG] Forwarding CDP event: Runtime.executionContextCreated from tab: 205602199
← Extension: Page.lifecycleEvent sessionId=pw-tab-14ad3lxn4rdiu-1
→ Playwright [ALL]: Page.lifecycleEvent sessionId=pw-tab-14ad3lxn4rdiu-1
← Extension: Runtime.executionContextCreated sessionId=pw-tab-13kpcdvamyxj8-1
[Extension] [DEBUG] CDP command: Page.setLifecycleEventsEnabled for tab: 1960181934
→ Playwright [ALL]: Runtime.executionContextCreated sessionId=pw-tab-13kpcdvamyxj8-1
[Extension] [DEBUG] CDP command: Page.addScriptToEvaluateOnNewDocument for tab: 1960181934
[Extension] [DEBUG] Forwarding CDP event: Runtime.executionContextCreated from tab: 205602199
[Extension] [DEBUG] CDP command: Network.enable for tab: 1960181934
← Extension: Runtime.executionContextCreated sessionId=pw-tab-13kpcdvamyxj8-1
[Extension] [DEBUG] CDP command: Target.setAutoAttach for tab: 1960181934
→ Playwright [ALL]: Runtime.executionContextCreated sessionId=pw-tab-13kpcdvamyxj8-1
[Extension] [DEBUG] Forwarding CDP event: Runtime.executionContextCreated from tab: 205602199
[Extension] [DEBUG] CDP command: Emulation.setFocusEmulationEnabled for tab: 1960181934
← Extension: Runtime.executionContextCreated sessionId=pw-tab-13kpcdvamyxj8-1
[Extension] [DEBUG] CDP command: Emulation.setEmulatedMedia for tab: 1960181934
[Extension] [DEBUG] Forwarding CDP event: Page.lifecycleEvent from tab: 1960181923
→ Playwright [ALL]: Runtime.executionContextCreated sessionId=pw-tab-13kpcdvamyxj8-1
[Extension] [DEBUG] Forwarding CDP event: Runtime.executionContextCreated from tab: 205602199
← Extension: Page.lifecycleEvent sessionId=pw-tab-14ad3lxn4rdiu-1
← Extension: Runtime.executionContextCreated sessionId=pw-tab-13kpcdvamyxj8-1
→ Playwright [ALL]: Page.lifecycleEvent sessionId=pw-tab-14ad3lxn4rdiu-1
→ Playwright [ALL]: Runtime.executionContextCreated sessionId=pw-tab-13kpcdvamyxj8-1
[Extension] [DEBUG] CDP command: Runtime.runIfWaitingForDebugger for tab: 1960181934
[Extension] [DEBUG] Forwarding CDP event: Runtime.executionContextCreated from tab: 205602199
[Extension] [DEBUG] Forwarding CDP event: Page.lifecycleEvent from tab: 1960181923
← Extension: Runtime.executionContextCreated sessionId=pw-tab-13kpcdvamyxj8-1
← Extension: Page.lifecycleEvent sessionId=pw-tab-14ad3lxn4rdiu-1
→ Playwright [ALL]: Runtime.executionContextCreated sessionId=pw-tab-13kpcdvamyxj8-1
[Extension] [DEBUG] Forwarding CDP event: Runtime.executionContextCreated from tab: 205602199
→ Playwright [ALL]: Page.lifecycleEvent sessionId=pw-tab-14ad3lxn4rdiu-1
[Extension] [DEBUG] Forwarding CDP event: Page.lifecycleEvent from tab: 1960181923
← Extension: Runtime.executionContextCreated sessionId=pw-tab-13kpcdvamyxj8-1
← Extension: Page.lifecycleEvent sessionId=pw-tab-14ad3lxn4rdiu-1
→ Playwright [ALL]: Page.lifecycleEvent sessionId=pw-tab-14ad3lxn4rdiu-1
[Extension] [DEBUG] Forwarding CDP event: Page.lifecycleEvent from tab: 1960181923
→ Playwright [ALL]: Runtime.executionContextCreated sessionId=pw-tab-13kpcdvamyxj8-1
← Extension: Page.lifecycleEvent sessionId=pw-tab-14ad3lxn4rdiu-1
[Extension] [DEBUG] Forwarding CDP event: Runtime.executionContextCreated from tab: 205602199
→ Playwright [ALL]: Page.lifecycleEvent sessionId=pw-tab-14ad3lxn4rdiu-1
← Extension: Runtime.executionContextCreated sessionId=pw-tab-13kpcdvamyxj8-1
[Extension] [DEBUG] Forwarding CDP event: Page.lifecycleEvent from tab: 1960181923
← Extension: Page.lifecycleEvent sessionId=pw-tab-14ad3lxn4rdiu-1
→ Playwright [ALL]: Runtime.executionContextCreated sessionId=pw-tab-13kpcdvamyxj8-1
→ Playwright [ALL]: Page.lifecycleEvent sessionId=pw-tab-14ad3lxn4rdiu-1
[Extension] [DEBUG] Forwarding CDP event: Runtime.executionContextCreated from tab: 205602214
[Extension] [DEBUG] Forwarding CDP event: Page.lifecycleEvent from tab: 1960181923
← Extension: Runtime.executionContextCreated sessionId=pw-tab-13kpcdvamyxj8-11
→ Playwright [ALL]: Runtime.executionContextCreated sessionId=pw-tab-13kpcdvamyxj8-11
← Extension: Page.lifecycleEvent sessionId=pw-tab-14ad3lxn4rdiu-1
[Extension] [DEBUG] Forwarding CDP event: Runtime.executionContextCreated from tab: 205602214
→ Playwright [ALL]: Page.lifecycleEvent sessionId=pw-tab-14ad3lxn4rdiu-1
← Extension: Runtime.executionContextCreated sessionId=pw-tab-13kpcdvamyxj8-11
[Extension] [DEBUG] Forwarding CDP event: Page.lifecycleEvent from tab: 1960181923
→ Playwright [ALL]: Runtime.executionContextCreated sessionId=pw-tab-13kpcdvamyxj8-11
← Extension: Page.lifecycleEvent sessionId=pw-tab-14ad3lxn4rdiu-1
[Extension] [DEBUG] Forwarding CDP event: Runtime.executionContextCreated from tab: 205602214
→ Playwright [ALL]: Page.lifecycleEvent sessionId=pw-tab-14ad3lxn4rdiu-1
← Extension: Runtime.executionContextCreated sessionId=pw-tab-13kpcdvamyxj8-11
[Extension] [DEBUG] Forwarding CDP event: Page.lifecycleEvent from tab: 1960181923
→ Playwright [ALL]: Runtime.executionContextCreated sessionId=pw-tab-13kpcdvamyxj8-11
← Extension: Page.lifecycleEvent sessionId=pw-tab-14ad3lxn4rdiu-1
[Extension] [DEBUG] Forwarding CDP event: Runtime.executionContextCreated from tab: 205602214
→ Playwright [ALL]: Page.lifecycleEvent sessionId=pw-tab-14ad3lxn4rdiu-1
← Extension: Runtime.executionContextCreated sessionId=pw-tab-13kpcdvamyxj8-11
[Extension] [DEBUG] Forwarding CDP event: Page.lifecycleEvent from tab: 1960181923
→ Playwright [ALL]: Runtime.executionContextCreated sessionId=pw-tab-13kpcdvamyxj8-11
← Extension: Page.lifecycleEvent sessionId=pw-tab-14ad3lxn4rdiu-1
→ Playwright [ALL]: Page.lifecycleEvent sessionId=pw-tab-14ad3lxn4rdiu-1
[Extension] [DEBUG] Forwarding CDP event: Runtime.executionContextCreated from tab: 205602214
← Extension: Runtime.executionContextCreated sessionId=pw-tab-13kpcdvamyxj8-11
[Extension] [DEBUG] Forwarding CDP event: Page.lifecycleEvent from tab: 1960181934
→ Playwright [ALL]: Runtime.executionContextCreated sessionId=pw-tab-13kpcdvamyxj8-11
← Extension: Page.lifecycleEvent sessionId=pw-tab-14ad3lxn4rdiu-7
→ Playwright [ALL]: Page.lifecycleEvent sessionId=pw-tab-14ad3lxn4rdiu-7
[Extension] [DEBUG] Forwarding CDP event: Runtime.executionContextCreated from tab: 205602214
← Extension: Runtime.executionContextCreated sessionId=pw-tab-13kpcdvamyxj8-11
[Extension] [DEBUG] Forwarding CDP event: Page.lifecycleEvent from tab: 1960181934
→ Playwright [ALL]: Runtime.executionContextCreated sessionId=pw-tab-13kpcdvamyxj8-11
← Extension: Page.lifecycleEvent sessionId=pw-tab-14ad3lxn4rdiu-7
→ Playwright [ALL]: Page.lifecycleEvent sessionId=pw-tab-14ad3lxn4rdiu-7
[Extension] [DEBUG] Forwarding CDP event: Runtime.executionContextCreated from tab: 205602214
[Extension] [DEBUG] Forwarding CDP event: Page.lifecycleEvent from tab: 1960181934
← Extension: Runtime.executionContextCreated sessionId=pw-tab-13kpcdvamyxj8-11
← Extension: Page.lifecycleEvent sessionId=pw-tab-14ad3lxn4rdiu-7
→ Playwright [ALL]: Runtime.executionContextCreated sessionId=pw-tab-13kpcdvamyxj8-11
→ Playwright [ALL]: Page.lifecycleEvent sessionId=pw-tab-14ad3lxn4rdiu-7
Playwright client disconnected: g898f0rk8xi_1772663310600 (0 remaining)
[Extension] [DEBUG] Forwarding CDP event: Page.lifecycleEvent from tab: 1960181934
← Extension: Page.lifecycleEvent sessionId=pw-tab-14ad3lxn4rdiu-7
→ Playwright [ALL]: Page.lifecycleEvent sessionId=pw-tab-14ad3lxn4rdiu-7
[Extension] [DEBUG] Forwarding CDP event: Page.lifecycleEvent from tab: 1960181934
← Extension: Page.lifecycleEvent sessionId=pw-tab-14ad3lxn4rdiu-7
→ Playwright [ALL]: Page.lifecycleEvent sessionId=pw-tab-14ad3lxn4rdiu-7
[Extension] [DEBUG] Forwarding CDP event: Page.lifecycleEvent from tab: 1960181934
← Extension: Page.lifecycleEvent sessionId=pw-tab-14ad3lxn4rdiu-7
→ Playwright [ALL]: Page.lifecycleEvent sessionId=pw-tab-14ad3lxn4rdiu-7
[Extension] [DEBUG] Forwarding CDP event: Page.lifecycleEvent from tab: 1960181934
← Extension: Page.lifecycleEvent sessionId=pw-tab-14ad3lxn4rdiu-7
→ Playwright [ALL]: Page.lifecycleEvent sessionId=pw-tab-14ad3lxn4rdiu-7
[Extension] [DEBUG] Forwarding CDP event: Page.lifecycleEvent from tab: 1960181934
← Extension: Page.lifecycleEvent sessionId=pw-tab-14ad3lxn4rdiu-7
→ Playwright [ALL]: Page.lifecycleEvent sessionId=pw-tab-14ad3lxn4rdiu-7
[Extension] [DEBUG] Forwarding CDP event: Page.lifecycleEvent from tab: 1960181934
← Extension: Page.lifecycleEvent sessionId=pw-tab-14ad3lxn4rdiu-7
→ Playwright [ALL]: Page.lifecycleEvent sessionId=pw-tab-14ad3lxn4rdiu-7
[Extension] [DEBUG] Forwarding CDP event: Page.lifecycleEvent from tab: 1960181934
← Extension: Page.lifecycleEvent sessionId=pw-tab-14ad3lxn4rdiu-7
→ Playwright [ALL]: Page.lifecycleEvent sessionId=pw-tab-14ad3lxn4rdiu-7
[Extension] [DEBUG] Forwarding CDP event: Page.lifecycleEvent from tab: 1960181934
← Extension: Page.lifecycleEvent sessionId=pw-tab-14ad3lxn4rdiu-7
→ Playwright [ALL]: Page.lifecycleEvent sessionId=pw-tab-14ad3lxn4rdiu-7
[Extension] [DEBUG] Forwarding CDP event: Page.lifecycleEvent from tab: 1960181934
← Extension: Page.lifecycleEvent sessionId=pw-tab-14ad3lxn4rdiu-7
→ Playwright [ALL]: Page.lifecycleEvent sessionId=pw-tab-14ad3lxn4rdiu-7
[Extension] [DEBUG] Forwarding CDP event: Page.lifecycleEvent from tab: 1960181934
← Extension: Page.lifecycleEvent sessionId=pw-tab-14ad3lxn4rdiu-7
→ Playwright [ALL]: Page.lifecycleEvent sessionId=pw-tab-14ad3lxn4rdiu-7
[Extension] [DEBUG] Forwarding CDP event: Page.lifecycleEvent from tab: 1960181934
← Extension: Page.lifecycleEvent sessionId=pw-tab-14ad3lxn4rdiu-7
→ Playwright [ALL]: Page.lifecycleEvent sessionId=pw-tab-14ad3lxn4rdiu-7
[Extension] [DEBUG] Forwarding CDP event: Page.lifecycleEvent from tab: 1960181934
← Extension: Page.lifecycleEvent sessionId=pw-tab-14ad3lxn4rdiu-7
→ Playwright [ALL]: Page.lifecycleEvent sessionId=pw-tab-14ad3lxn4rdiu-7
[Extension] [DEBUG] Forwarding CDP event: Page.lifecycleEvent from tab: 1960181934
← Extension: Page.lifecycleEvent sessionId=pw-tab-14ad3lxn4rdiu-7
→ Playwright [ALL]: Page.lifecycleEvent sessionId=pw-tab-14ad3lxn4rdiu-7
[Extension] [DEBUG] Forwarding CDP event: Page.lifecycleEvent from tab: 1960181934
← Extension: Page.lifecycleEvent sessionId=pw-tab-14ad3lxn4rdiu-7
→ Playwright [ALL]: Page.lifecycleEvent sessionId=pw-tab-14ad3lxn4rdiu-7
[Extension] [DEBUG] Forwarding CDP event: Page.lifecycleEvent from tab: 1960181934
← Extension: Page.lifecycleEvent sessionId=pw-tab-14ad3lxn4rdiu-7
→ Playwright [ALL]: Page.lifecycleEvent sessionId=pw-tab-14ad3lxn4rdiu-7
[Extension] [DEBUG] Forwarding CDP event: Page.lifecycleEvent from tab: 1960181934
← Extension: Page.lifecycleEvent sessionId=pw-tab-14ad3lxn4rdiu-7
→ Playwright [ALL]: Page.lifecycleEvent sessionId=pw-tab-14ad3lxn4rdiu-7
[Extension] [DEBUG] Forwarding CDP event: Page.lifecycleEvent from tab: 1960181934
← Extension: Page.lifecycleEvent sessionId=pw-tab-14ad3lxn4rdiu-7
→ Playwright [ALL]: Page.lifecycleEvent sessionId=pw-tab-14ad3lxn4rdiu-7
← Playwright [l7yj410pn_1772663310646]: Page.createIsolatedWorld id=28, sessionId=pw-tab-14ad3lxn4rdiu-1
← Playwright [l7yj410pn_1772663310646]: Page.createIsolatedWorld id=29, sessionId=pw-tab-14ad3lxn4rdiu-1
[Extension] [DEBUG] CDP command: Page.createIsolatedWorld for tab: 1960181923
[Extension] [DEBUG] CDP command: Page.createIsolatedWorld for tab: 1960181923
← Playwright [l7yj410pn_1772663310646]: Target.detachFromTarget id=30
← Playwright [l7yj410pn_1772663310646]: Page.createIsolatedWorld id=31, sessionId=pw-tab-14ad3lxn4rdiu-7
← Playwright [l7yj410pn_1772663310646]: Page.createIsolatedWorld id=32, sessionId=pw-tab-14ad3lxn4rdiu-7
← Playwright [l7yj410pn_1772663310646]: Page.createIsolatedWorld id=33, sessionId=pw-tab-14ad3lxn4rdiu-7
← Playwright [l7yj410pn_1772663310646]: Page.createIsolatedWorld id=34, sessionId=pw-tab-14ad3lxn4rdiu-7
[Extension] [DEBUG] Error handling command: Error: No tab found for method Target.detachFromTarget sessionId: undefined params: {"sessionId":"93A89A08E4B4CB0DE14CC97B1DC47BDD"}
    at handleCommand (chrome-extension://pebbngnfojnignonigcnkdilknapkgid/background.js:976:11)
    at ws.onmessage (chrome-extension://pebbngnfojnignonigcnkdilknapkgid/background.js:548:33)
[Extension] [DEBUG] CDP command: Page.createIsolatedWorld for tab: 1960181934
[Extension] [DEBUG] CDP command: Page.createIsolatedWorld for tab: 1960181934
[Extension] [DEBUG] CDP command: Page.createIsolatedWorld for tab: 1960181934
[Extension] [DEBUG] CDP command: Page.createIsolatedWorld for tab: 1960181934
Error handling CDP command: Target.detachFromTarget { sessionId: '93A89A08E4B4CB0DE14CC97B1DC47BDD' } Error: No tab found for method Target.detachFromTarget sessionId: undefined params: {"sessionId":"93A89A08E4B4CB0DE14CC97B1DC47BDD"}
    at Object.onMessage (/Users/yuanjiwei/Documents/GitHub/runbrowser/packages/relay/src/server.ts:1336:30)
    at handleMessage (file:///Users/yuanjiwei/Documents/GitHub/runbrowser/node_modules/.pnpm/@hono+node-ws@1.3.0_@hono+node-server@1.19.9_hono@4.12.3__hono@4.12.3/node_modules/@hono/node-ws/dist/index.js:118:26)
    at WebSocket.<anonymous> (file:///Users/yuanjiwei/Documents/GitHub/runbrowser/node_modules/.pnpm/@hono+node-ws@1.3.0_@hono+node-server@1.19.9_hono@4.12.3__hono@4.12.3/node_modules/@hono/node-ws/dist/index.js:126:6)
    at WebSocket.emit (node:events:508:20)
    at Receiver.receiverOnMessage (/Users/yuanjiwei/Documents/GitHub/runbrowser/node_modules/.pnpm/ws@8.19.0/node_modules/ws/lib/websocket.js:1225:20)
    at Receiver.emit (node:events:508:20)
    at Receiver.dataMessage (/Users/yuanjiwei/Documents/GitHub/runbrowser/node_modules/.pnpm/ws@8.19.0/node_modules/ws/lib/receiver.js:596:14)
    at Receiver.getData (/Users/yuanjiwei/Documents/GitHub/runbrowser/node_modules/.pnpm/ws@8.19.0/node_modules/ws/lib/receiver.js:496:10)
    at Receiver.startLoop (/Users/yuanjiwei/Documents/GitHub/runbrowser/node_modules/.pnpm/ws@8.19.0/node_modules/ws/lib/receiver.js:167:16)
    at Receiver._write (/Users/yuanjiwei/Documents/GitHub/runbrowser/node_modules/.pnpm/ws@8.19.0/node_modules/ws/lib/receiver.js:94:10)
[Extension] [DEBUG] Forwarding CDP event: Runtime.executionContextCreated from tab: 1960181923
← Extension: Runtime.executionContextCreated sessionId=pw-tab-14ad3lxn4rdiu-1
→ Playwright [ALL]: Runtime.executionContextCreated sessionId=pw-tab-14ad3lxn4rdiu-1
[Extension] [DEBUG] Forwarding CDP event: Runtime.executionContextCreated from tab: 1960181923
← Extension: Runtime.executionContextCreated sessionId=pw-tab-14ad3lxn4rdiu-1
→ Playwright [ALL]: Runtime.executionContextCreated sessionId=pw-tab-14ad3lxn4rdiu-1
[Extension] [DEBUG] Forwarding CDP event: Runtime.executionContextCreated from tab: 1960181923
← Extension: Runtime.executionContextCreated sessionId=pw-tab-14ad3lxn4rdiu-1
→ Playwright [ALL]: Runtime.executionContextCreated sessionId=pw-tab-14ad3lxn4rdiu-1
[Extension] [DEBUG] Forwarding CDP event: Runtime.executionContextCreated from tab: 1960181923
← Extension: Runtime.executionContextCreated sessionId=pw-tab-14ad3lxn4rdiu-1
→ Playwright [ALL]: Runtime.executionContextCreated sessionId=pw-tab-14ad3lxn4rdiu-1
[Extension] [DEBUG] Forwarding CDP event: Runtime.executionContextCreated from tab: 1960181923
← Extension: Runtime.executionContextCreated sessionId=pw-tab-14ad3lxn4rdiu-1
→ Playwright [ALL]: Runtime.executionContextCreated sessionId=pw-tab-14ad3lxn4rdiu-1
[Extension] [DEBUG] Forwarding CDP event: Runtime.executionContextCreated from tab: 1960181923
← Extension: Runtime.executionContextCreated sessionId=pw-tab-14ad3lxn4rdiu-1
→ Playwright [ALL]: Runtime.executionContextCreated sessionId=pw-tab-14ad3lxn4rdiu-1
[Extension] [DEBUG] Forwarding CDP event: Runtime.executionContextCreated from tab: 1960181923
← Extension: Runtime.executionContextCreated sessionId=pw-tab-14ad3lxn4rdiu-1
→ Playwright [ALL]: Runtime.executionContextCreated sessionId=pw-tab-14ad3lxn4rdiu-1
[Extension] [DEBUG] Forwarding CDP event: Runtime.executionContextCreated from tab: 1960181923
← Extension: Runtime.executionContextCreated sessionId=pw-tab-14ad3lxn4rdiu-1
→ Playwright [ALL]: Runtime.executionContextCreated sessionId=pw-tab-14ad3lxn4rdiu-1
[Extension] [DEBUG] Forwarding CDP event: Runtime.executionContextCreated from tab: 1960181923
← Extension: Runtime.executionContextCreated sessionId=pw-tab-14ad3lxn4rdiu-1
→ Playwright [ALL]: Runtime.executionContextCreated sessionId=pw-tab-14ad3lxn4rdiu-1
[Extension] [DEBUG] Forwarding CDP event: Runtime.executionContextCreated from tab: 1960181923
← Extension: Runtime.executionContextCreated sessionId=pw-tab-14ad3lxn4rdiu-1
→ Playwright [ALL]: Runtime.executionContextCreated sessionId=pw-tab-14ad3lxn4rdiu-1
[Extension] [DEBUG] Forwarding CDP event: Runtime.executionContextCreated from tab: 1960181923
← Extension: Runtime.executionContextCreated sessionId=pw-tab-14ad3lxn4rdiu-1
→ Playwright [ALL]: Runtime.executionContextCreated sessionId=pw-tab-14ad3lxn4rdiu-1
[Extension] [DEBUG] Forwarding CDP event: Runtime.executionContextCreated from tab: 1960181923
← Extension: Runtime.executionContextCreated sessionId=pw-tab-14ad3lxn4rdiu-1
→ Playwright [ALL]: Runtime.executionContextCreated sessionId=pw-tab-14ad3lxn4rdiu-1
[Extension] [DEBUG] Forwarding CDP event: Runtime.executionContextCreated from tab: 1960181923
← Extension: Runtime.executionContextCreated sessionId=pw-tab-14ad3lxn4rdiu-1
→ Playwright [ALL]: Runtime.executionContextCreated sessionId=pw-tab-14ad3lxn4rdiu-1
[Extension] [DEBUG] Forwarding CDP event: Runtime.executionContextCreated from tab: 1960181923
← Extension: Runtime.executionContextCreated sessionId=pw-tab-14ad3lxn4rdiu-1
→ Playwright [ALL]: Runtime.executionContextCreated sessionId=pw-tab-14ad3lxn4rdiu-1
[Extension] [DEBUG] Forwarding CDP event: Runtime.executionContextCreated from tab: 1960181923
← Extension: Runtime.executionContextCreated sessionId=pw-tab-14ad3lxn4rdiu-1
→ Playwright [ALL]: Runtime.executionContextCreated sessionId=pw-tab-14ad3lxn4rdiu-1
[Extension] [DEBUG] Forwarding CDP event: Runtime.executionContextCreated from tab: 1960181923
← Extension: Runtime.executionContextCreated sessionId=pw-tab-14ad3lxn4rdiu-1
→ Playwright [ALL]: Runtime.executionContextCreated sessionId=pw-tab-14ad3lxn4rdiu-1
[Extension] [DEBUG] Forwarding CDP event: Runtime.executionContextCreated from tab: 1960181923
← Extension: Runtime.executionContextCreated sessionId=pw-tab-14ad3lxn4rdiu-1
→ Playwright [ALL]: Runtime.executionContextCreated sessionId=pw-tab-14ad3lxn4rdiu-1
[Extension] [DEBUG] Forwarding CDP event: Runtime.executionContextCreated from tab: 1960181923
← Extension: Runtime.executionContextCreated sessionId=pw-tab-14ad3lxn4rdiu-1
→ Playwright [ALL]: Runtime.executionContextCreated sessionId=pw-tab-14ad3lxn4rdiu-1
[Extension] [DEBUG] Forwarding CDP event: Runtime.executionContextCreated from tab: 1960181923
← Extension: Runtime.executionContextCreated sessionId=pw-tab-14ad3lxn4rdiu-1
→ Playwright [ALL]: Runtime.executionContextCreated sessionId=pw-tab-14ad3lxn4rdiu-1
[Extension] [DEBUG] Forwarding CDP event: Runtime.executionContextCreated from tab: 1960181923
← Extension: Runtime.executionContextCreated sessionId=pw-tab-14ad3lxn4rdiu-1
→ Playwright [ALL]: Runtime.executionContextCreated sessionId=pw-tab-14ad3lxn4rdiu-1
[Extension] [DEBUG] Forwarding CDP event: Runtime.consoleAPICalled from tab: 1960181923
← Extension: Runtime.consoleAPICalled sessionId=pw-tab-14ad3lxn4rdiu-1
→ Playwright [ALL]: Runtime.consoleAPICalled sessionId=pw-tab-14ad3lxn4rdiu-1
[Extension] [DEBUG] Forwarding CDP event: Runtime.executionContextCreated from tab: 1960181934
← Extension: Runtime.executionContextCreated sessionId=pw-tab-14ad3lxn4rdiu-7
→ Playwright [ALL]: Runtime.executionContextCreated sessionId=pw-tab-14ad3lxn4rdiu-7
[Extension] [DEBUG] Forwarding CDP event: Runtime.executionContextCreated from tab: 1960181934
← Extension: Runtime.executionContextCreated sessionId=pw-tab-14ad3lxn4rdiu-7
→ Playwright [ALL]: Runtime.executionContextCreated sessionId=pw-tab-14ad3lxn4rdiu-7
[Extension] [DEBUG] Forwarding CDP event: Runtime.executionContextCreated from tab: 1960181934
← Extension: Runtime.executionContextCreated sessionId=pw-tab-14ad3lxn4rdiu-7
→ Playwright [ALL]: Runtime.executionContextCreated sessionId=pw-tab-14ad3lxn4rdiu-7
[Extension] [DEBUG] Forwarding CDP event: Runtime.executionContextCreated from tab: 1960181934
← Extension: Runtime.executionContextCreated sessionId=pw-tab-14ad3lxn4rdiu-7
→ Playwright [ALL]: Runtime.executionContextCreated sessionId=pw-tab-14ad3lxn4rdiu-7
[Extension] [DEBUG] Forwarding CDP event: Runtime.executionContextCreated from tab: 1960181934
← Extension: Runtime.executionContextCreated sessionId=pw-tab-14ad3lxn4rdiu-7
→ Playwright [ALL]: Runtime.executionContextCreated sessionId=pw-tab-14ad3lxn4rdiu-7
[Extension] [DEBUG] Forwarding CDP event: Runtime.executionContextCreated from tab: 1960181934
← Extension: Runtime.executionContextCreated sessionId=pw-tab-14ad3lxn4rdiu-7
→ Playwright [ALL]: Runtime.executionContextCreated sessionId=pw-tab-14ad3lxn4rdiu-7
[Extension] [DEBUG] Forwarding CDP event: Runtime.executionContextCreated from tab: 1960181934
← Extension: Runtime.executionContextCreated sessionId=pw-tab-14ad3lxn4rdiu-7
→ Playwright [ALL]: Runtime.executionContextCreated sessionId=pw-tab-14ad3lxn4rdiu-7
[Extension] [DEBUG] Forwarding CDP event: Runtime.executionContextCreated from tab: 1960181934
← Extension: Runtime.executionContextCreated sessionId=pw-tab-14ad3lxn4rdiu-7
→ Playwright [ALL]: Runtime.executionContextCreated sessionId=pw-tab-14ad3lxn4rdiu-7
[Extension] [DEBUG] Forwarding CDP event: Runtime.executionContextCreated from tab: 1960181934
← Extension: Runtime.executionContextCreated sessionId=pw-tab-14ad3lxn4rdiu-7
→ Playwright [ALL]: Runtime.executionContextCreated sessionId=pw-tab-14ad3lxn4rdiu-7
[Extension] [DEBUG] Forwarding CDP event: Runtime.executionContextCreated from tab: 1960181934
← Extension: Runtime.executionContextCreated sessionId=pw-tab-14ad3lxn4rdiu-7
→ Playwright [ALL]: Runtime.executionContextCreated sessionId=pw-tab-14ad3lxn4rdiu-7
[Extension] [DEBUG] Forwarding CDP event: Runtime.executionContextCreated from tab: 1960181934
← Extension: Runtime.executionContextCreated sessionId=pw-tab-14ad3lxn4rdiu-7
→ Playwright [ALL]: Runtime.executionContextCreated sessionId=pw-tab-14ad3lxn4rdiu-7
[Extension] [DEBUG] Forwarding CDP event: Runtime.executionContextCreated from tab: 1960181934
← Extension: Runtime.executionContextCreated sessionId=pw-tab-14ad3lxn4rdiu-7
→ Playwright [ALL]: Runtime.executionContextCreated sessionId=pw-tab-14ad3lxn4rdiu-7
[Extension] [DEBUG] Forwarding CDP event: Runtime.executionContextCreated from tab: 1960181934
← Extension: Runtime.executionContextCreated sessionId=pw-tab-14ad3lxn4rdiu-7
→ Playwright [ALL]: Runtime.executionContextCreated sessionId=pw-tab-14ad3lxn4rdiu-7
[Extension] [DEBUG] Forwarding CDP event: Runtime.executionContextCreated from tab: 1960181934
← Extension: Runtime.executionContextCreated sessionId=pw-tab-14ad3lxn4rdiu-7
→ Playwright [ALL]: Runtime.executionContextCreated sessionId=pw-tab-14ad3lxn4rdiu-7
[Extension] [DEBUG] Forwarding CDP event: Runtime.executionContextCreated from tab: 1960181934
← Extension: Runtime.executionContextCreated sessionId=pw-tab-14ad3lxn4rdiu-7
→ Playwright [ALL]: Runtime.executionContextCreated sessionId=pw-tab-14ad3lxn4rdiu-7
[Extension] [DEBUG] Forwarding CDP event: Runtime.executionContextCreated from tab: 1960181934
← Extension: Runtime.executionContextCreated sessionId=pw-tab-14ad3lxn4rdiu-7
→ Playwright [ALL]: Runtime.executionContextCreated sessionId=pw-tab-14ad3lxn4rdiu-7
[Extension] [DEBUG] Forwarding CDP event: Runtime.executionContextCreated from tab: 1960181934
← Extension: Runtime.executionContextCreated sessionId=pw-tab-14ad3lxn4rdiu-7
→ Playwright [ALL]: Runtime.executionContextCreated sessionId=pw-tab-14ad3lxn4rdiu-7
[Extension] [DEBUG] Forwarding CDP event: Runtime.executionContextCreated from tab: 1960181934
← Extension: Runtime.executionContextCreated sessionId=pw-tab-14ad3lxn4rdiu-7
→ Playwright [ALL]: Runtime.executionContextCreated sessionId=pw-tab-14ad3lxn4rdiu-7
[Extension] [DEBUG] Forwarding CDP event: Runtime.executionContextCreated from tab: 1960181934
← Extension: Runtime.executionContextCreated sessionId=pw-tab-14ad3lxn4rdiu-7
→ Playwright [ALL]: Runtime.executionContextCreated sessionId=pw-tab-14ad3lxn4rdiu-7
[Extension] [DEBUG] Forwarding CDP event: Runtime.executionContextCreated from tab: 1960181934
← Extension: Runtime.executionContextCreated sessionId=pw-tab-14ad3lxn4rdiu-7
→ Playwright [ALL]: Runtime.executionContextCreated sessionId=pw-tab-14ad3lxn4rdiu-7
[Extension] [DEBUG] Forwarding CDP event: Runtime.consoleAPICalled from tab: 1960181934
← Extension: Runtime.consoleAPICalled sessionId=pw-tab-14ad3lxn4rdiu-7
→ Playwright [ALL]: Runtime.consoleAPICalled sessionId=pw-tab-14ad3lxn4rdiu-7
← Playwright [l7yj410pn_1772663310646]: Runtime.evaluate id=35, sessionId=pw-tab-14ad3lxn4rdiu-1
[Extension] [DEBUG] CDP command: Runtime.evaluate for tab: 1960181923
← Playwright [l7yj410pn_1772663310646]: Runtime.callFunctionOn id=36, sessionId=pw-tab-14ad3lxn4rdiu-1
[Extension] [DEBUG] CDP command: Runtime.callFunctionOn for tab: 1960181923
← Playwright [l7yj410pn_1772663310646]: Runtime.evaluate id=37, sessionId=pw-tab-14ad3lxn4rdiu-7
[Extension] [DEBUG] CDP command: Runtime.evaluate for tab: 1960181934
← Playwright [l7yj410pn_1772663310646]: Runtime.callFunctionOn id=38, sessionId=pw-tab-14ad3lxn4rdiu-7
[Extension] [DEBUG] CDP command: Runtime.callFunctionOn for tab: 1960181934
[Extension] [DEBUG] Forwarding CDP event: Inspector.detached from tab: 205602214
← Extension: Inspector.detached sessionId=pw-tab-13kpcdvamyxj8-11
→ Playwright [ALL]: Inspector.detached sessionId=pw-tab-13kpcdvamyxj8-11
Playwright client disconnected: l7yj410pn_1772663310646 (0 remaining)
[Extension] [DEBUG] Connected tab 205602214 was closed, disconnecting
[Extension] [DEBUG] Disconnecting tab 205602214
[Extension] [WARN] DISCONNECT: detachTab tabId=205602214 shouldDetach=true stack= at detachTab (chrome-extension://pebbngnfojnignonigcnkdilknapkgid/background.js:1142:98) <- at disconnectTab (chrome-extension://pebbngnfojnignonigcnkdilknapkgid/background.js:1212:3) <- at onTabRemoved (chrome-extension://pebbngnfojnignonigcnkdilknapkgid/background.js:1381:9)
← Extension: Target.detachedFromTarget targetId=37A191C08F448915A2B15DE965511E92, sessionId=pw-tab-13kpcdvamyxj8-11
→ Playwright [ALL]: Target.detachedFromTarget targetId=37A191C08F448915A2B15DE965511E92, sessionId=pw-tab-13kpcdvamyxj8-11
[Extension] [LOG] {"tabs":{"dataType":"Map","value":[[205602199,{"sessionId":"pw-tab-13kpcdvamyxj8-1","targetId":"0EF45717F197C7F8558E16FCAEF3BFB8","state":"connected","attachOrder":1}]]},"connectionState":"connected","currentTabId":205602214}
[Extension] [LOG] {"tabs":{"dataType":"Map","value":[[205602199,{"sessionId":"pw-tab-13kpcdvamyxj8-1","targetId":"0EF45717F197C7F8558E16FCAEF3BFB8","state":"connected","attachOrder":1}]]},"connectionState":"connected","currentTabId":205602199}
[Extension] [DEBUG] Ignoring debugger detach event for untracked tab: 205602214
[Extension] [DEBUG] Error detaching debugger from tab: 205602214 No tab with given id 205602214.
[Extension] [DEBUG] Forwarding CDP event: Inspector.detached from tab: 205602199
← Extension: Inspector.detached sessionId=pw-tab-13kpcdvamyxj8-1
→ Playwright [ALL]: Inspector.detached sessionId=pw-tab-13kpcdvamyxj8-1
[Extension] [DEBUG] Connected tab 205602199 was closed, disconnecting
[Extension] [DEBUG] Disconnecting tab 205602199
[Extension] [WARN] DISCONNECT: detachTab tabId=205602199 shouldDetach=true stack= at detachTab (chrome-extension://pebbngnfojnignonigcnkdilknapkgid/background.js:1142:98) <- at disconnectTab (chrome-extension://pebbngnfojnignonigcnkdilknapkgid/background.js:1212:3) <- at onTabRemoved (chrome-extension://pebbngnfojnignonigcnkdilknapkgid/background.js:1381:9)
← Extension: Target.detachedFromTarget targetId=0EF45717F197C7F8558E16FCAEF3BFB8, sessionId=pw-tab-13kpcdvamyxj8-1
→ Playwright [ALL]: Target.detachedFromTarget targetId=0EF45717F197C7F8558E16FCAEF3BFB8, sessionId=pw-tab-13kpcdvamyxj8-1
[Extension] [LOG] {"tabs":{"dataType":"Map","value":[]},"connectionState":"connected","currentTabId":205602199}
[Extension] [DEBUG] Ignoring debugger detach event for untracked tab: 205602199
[Extension] [ERROR] Unhandled promise rejection: Error: The browser is shutting down.
[Extension] [ERROR] Unhandled promise rejection: Error: The browser is shutting down.
[Extension] [ERROR] Unhandled promise rejection: Error: The browser is shutting down.
[Extension] [ERROR] Unhandled promise rejection: Error: The browser is shutting down.
[Extension] [ERROR] Unhandled promise rejection: Error: The browser is shutting down.
[Extension] [ERROR] Unhandled promise rejection: Error: The browser is shutting down.
[Extension] [ERROR] Unhandled promise rejection: Error: The browser is shutting down.
[Extension] [ERROR] Unhandled promise rejection: Error: The browser is shutting down.
[Extension] [ERROR] Unhandled promise rejection: Error: The browser is shutting down.
[Extension] [DEBUG] Failed to sync tab group: The browser is shutting down.
[Extension] [ERROR] Unhandled promise rejection: Error: The browser is shutting down.
[Extension] [ERROR] Unhandled promise rejection: Error: The browser is shutting down.
[Extension] [ERROR] Unhandled promise rejection: Error: The browser is shutting down.
[Extension] [ERROR] Unhandled promise rejection: Error: The browser is shutting down.
[Extension] [ERROR] Unhandled promise rejection: Error: The browser is shutting down.
[Extension] [ERROR] Unhandled promise rejection: Error: The browser is shutting down.
[Extension] [ERROR] Unhandled promise rejection: Error: The browser is shutting down.
[Extension] [ERROR] Unhandled promise rejection: Error: The browser is shutting down.
[Extension] [ERROR] Unhandled promise rejection: Error: The browser is shutting down.
[Extension] [ERROR] Unhandled promise rejection: Error: The browser is shutting down.
[Extension] [ERROR] Unhandled promise rejection: Error: The browser is shutting down.
[Extension] [ERROR] Unhandled promise rejection: Error: The browser is shutting down.
[Extension] [ERROR] Unhandled promise rejection: Error: The browser is shutting down.
[Extension] [ERROR] Unhandled promise rejection: Error: The browser is shutting down.
[Extension] [ERROR] Unhandled promise rejection: Error: The browser is shutting down.
[Extension] [ERROR] Unhandled promise rejection: Error: The browser is shutting down.
[Extension] [ERROR] Unhandled promise rejection: Error: The browser is shutting down.
[Extension] [ERROR] Unhandled promise rejection: Error: The browser is shutting down.
[Extension] [ERROR] Unhandled promise rejection: Error: The browser is shutting down.
[Extension] [ERROR] Unhandled promise rejection: Error: The browser is shutting down.
[Extension] [DEBUG] Error detaching debugger from tab: 205602199 The browser is shutting down.
[Extension] [DEBUG] onTabUpdated handler error: Error: The browser is shutting down.
Extension disconnected: code=1001 reason=none (mmclyjqj_zr3huo)
[Extension] [DEBUG] Forwarding CDP event: Inspector.detached from tab: 1960181934
← Extension: Inspector.detached sessionId=pw-tab-14ad3lxn4rdiu-7
→ Playwright [ALL]: Inspector.detached sessionId=pw-tab-14ad3lxn4rdiu-7
[Extension] [DEBUG] Connected tab 1960181934 was closed, disconnecting
[Extension] [DEBUG] Disconnecting tab 1960181934
[Extension] [WARN] DISCONNECT: detachTab tabId=1960181934 shouldDetach=true stack= at detachTab (chrome-extension://pebbngnfojnignonigcnkdilknapkgid/background.js:1142:98) <- at disconnectTab (chrome-extension://pebbngnfojnignonigcnkdilknapkgid/background.js:1212:3) <- at onTabRemoved (chrome-extension://pebbngnfojnignonigcnkdilknapkgid/background.js:1381:9)
← Extension: Target.detachedFromTarget targetId=F301E4D51676810BD1E149AB8B0753C6, sessionId=pw-tab-14ad3lxn4rdiu-7
→ Playwright [ALL]: Target.detachedFromTarget targetId=F301E4D51676810BD1E149AB8B0753C6, sessionId=pw-tab-14ad3lxn4rdiu-7
[Extension] [LOG] {"tabs":{"dataType":"Map","value":[[1960181923,{"sessionId":"pw-tab-14ad3lxn4rdiu-1","targetId":"3725B15B6968473F21B6C2BE1437EA94","state":"connected","attachOrder":1}]]},"connectionState":"connected","currentTabId":1960181934}
[Extension] [LOG] {"tabs":{"dataType":"Map","value":[[1960181923,{"sessionId":"pw-tab-14ad3lxn4rdiu-1","targetId":"3725B15B6968473F21B6C2BE1437EA94","state":"connected","attachOrder":1}]]},"connectionState":"connected","currentTabId":1960181923}
[Extension] [DEBUG] Ignoring debugger detach event for untracked tab: 1960181934
[Extension] [DEBUG] Error detaching debugger from tab: 1960181934 No tab with given id 1960181934.
[Extension] [LOG] {"tabs":{"dataType":"Map","value":[[1960181923,{"sessionId":"pw-tab-14ad3lxn4rdiu-1","targetId":"3725B15B6968473F21B6C2BE1437EA94","state":"connected","attachOrder":1}]]},"connectionState":"connected","currentTabId":1960181936}
[Extension] [DEBUG] Starting connection to tab 1960181936
[Extension] [LOG] {"tabs":{"dataType":"Map","value":[[1960181923,{"sessionId":"pw-tab-14ad3lxn4rdiu-1","targetId":"3725B15B6968473F21B6C2BE1437EA94","state":"connected","attachOrder":1}],[1960181936,{"state":"connecting"}]]},"connectionState":"connected","currentTabId":1960181936}
[Extension] [DEBUG] Attaching debugger to tab: 1960181936
[Extension] [DEBUG] Debugger attached successfully to tab: 1960181936
[Extension] [DEBUG] Added tabs to existing group: [1960181936]
[Extension] [LOG] {"tabs":{"dataType":"Map","value":[[1960181923,{"sessionId":"pw-tab-14ad3lxn4rdiu-1","targetId":"3725B15B6968473F21B6C2BE1437EA94","state":"connected","attachOrder":1}],[1960181936,{"sessionId":"pw-tab-14ad3lxn4rdiu-8","targetId":"845FA5E3017BF26F27AFF44E9AD6C84A","state":"connected","attachOrder":8}]]},"connectionState":"connected","currentTabId":1960181936}
← Extension: Target.attachedToTarget targetId=845FA5E3017BF26F27AFF44E9AD6C84A, sessionId=pw-tab-14ad3lxn4rdiu-8
[Extension] Target.attachedToTarget full payload: {"method":"Target.attachedToTarget","params":{"sessionId":"pw-tab-14ad3lxn4rdiu-8","targetInfo":{"attached":true,"browserContextId":"2A779D328DE2816E05994C303EE2C572","canAccessOpener":false,"targetId":"845FA5E3017BF26F27AFF44E9AD6C84A","title":"Example Domain","type":"page","url":"https://example.com/"},"waitingForDebugger":false}}
→ Playwright [ALL]: Target.attachedToTarget targetId=845FA5E3017BF26F27AFF44E9AD6C84A, sessionId=pw-tab-14ad3lxn4rdiu-8
[Extension] [DEBUG] Tab attached successfully: 1960181936 sessionId: pw-tab-14ad3lxn4rdiu-8 targetId: 845FA5E3017BF26F27AFF44E9AD6C84A url: https://example.com/ skipAttachedEvent: false
[Extension] [DEBUG] Successfully connected to tab 1960181936
[Extension] [DEBUG] Forwarding CDP event: Inspector.detached from tab: 1960181936
← Extension: Inspector.detached sessionId=pw-tab-14ad3lxn4rdiu-8
→ Playwright [ALL]: Inspector.detached sessionId=pw-tab-14ad3lxn4rdiu-8
Playwright client connected: ro6minm9ua_1772663311429 (1 total) (extension? true) (0 pages)
← Playwright [ro6minm9ua_1772663311429]: Browser.getVersion id=1
← Playwright [ro6minm9ua_1772663311429]: Target.setAutoAttach id=2
Auto-creating initial tab for Playwright client
← Playwright [ro6minm9ua_1772663311429]: Browser.setDownloadBehavior id=3
[Extension] [DEBUG] Creating initial tab for Playwright client
[Extension] [DEBUG] Connected tab 1960181936 was closed, disconnecting
[Extension] [DEBUG] Disconnecting tab 1960181936
[Extension] [WARN] DISCONNECT: detachTab tabId=1960181936 shouldDetach=true stack= at detachTab (chrome-extension://pebbngnfojnignonigcnkdilknapkgid/background.js:1142:98) <- at disconnectTab (chrome-extension://pebbngnfojnignonigcnkdilknapkgid/background.js:1212:3) <- at onTabRemoved (chrome-extension://pebbngnfojnignonigcnkdilknapkgid/background.js:1381:9)
← Extension: Target.detachedFromTarget targetId=845FA5E3017BF26F27AFF44E9AD6C84A, sessionId=pw-tab-14ad3lxn4rdiu-8
→ Playwright [ALL]: Target.detachedFromTarget targetId=845FA5E3017BF26F27AFF44E9AD6C84A, sessionId=pw-tab-14ad3lxn4rdiu-8
[Extension] [LOG] {"tabs":{"dataType":"Map","value":[[1960181923,{"sessionId":"pw-tab-14ad3lxn4rdiu-1","targetId":"3725B15B6968473F21B6C2BE1437EA94","state":"connected","attachOrder":1}]]},"connectionState":"connected","currentTabId":1960181936}
[Extension] [LOG] {"tabs":{"dataType":"Map","value":[[1960181923,{"sessionId":"pw-tab-14ad3lxn4rdiu-1","targetId":"3725B15B6968473F21B6C2BE1437EA94","state":"connected","attachOrder":1}]]},"connectionState":"connected","currentTabId":1960181923}
[Extension] [DEBUG] Ignoring debugger detach event for untracked tab: 1960181936
[Extension] [DEBUG] Error detaching debugger from tab: 1960181936 No tab with given id 1960181936.
[Extension] [DEBUG] Forwarding CDP event: Inspector.detached from tab: 1960181923
← Extension: Inspector.detached sessionId=93A89A08E4B4CB0DE14CC97B1DC47BDD
→ Playwright [ALL]: Inspector.detached sessionId=93A89A08E4B4CB0DE14CC97B1DC47BDD
[Extension] [DEBUG] Connected tab 1960181923 was closed, disconnecting
[Extension] [DEBUG] Disconnecting tab 1960181923
[Extension] [WARN] DISCONNECT: detachTab tabId=1960181923 shouldDetach=true stack= at detachTab (chrome-extension://pebbngnfojnignonigcnkdilknapkgid/background.js:1142:98) <- at disconnectTab (chrome-extension://pebbngnfojnignonigcnkdilknapkgid/background.js:1212:3) <- at onTabRemoved (chrome-extension://pebbngnfojnignonigcnkdilknapkgid/background.js:1381:9)
← Extension: Target.detachedFromTarget targetId=3725B15B6968473F21B6C2BE1437EA94, sessionId=pw-tab-14ad3lxn4rdiu-1
→ Playwright [ALL]: Target.detachedFromTarget targetId=3725B15B6968473F21B6C2BE1437EA94, sessionId=pw-tab-14ad3lxn4rdiu-1
[Extension] [LOG] {"tabs":{"dataType":"Map","value":[]},"connectionState":"connected","currentTabId":1960181923}
← Extension: Target.detachedFromTarget targetId=A9B9C9D0E6A611E64FC7374011E383BA, sessionId=93A89A08E4B4CB0DE14CC97B1DC47BDD
→ Playwright [ALL]: Target.detachedFromTarget targetId=A9B9C9D0E6A611E64FC7374011E383BA, sessionId=93A89A08E4B4CB0DE14CC97B1DC47BDD
[Extension] [DEBUG] Cleaning up child session: 93A89A08E4B4CB0DE14CC97B1DC47BDD for tab: 1960181923
← Extension: Target.detachedFromTarget targetId=49840317D288890E5FC7218E2137921A, sessionId=4B1F164288D2DA4BBBE19DA63F4AD993
→ Playwright [ALL]: Target.detachedFromTarget targetId=49840317D288890E5FC7218E2137921A, sessionId=4B1F164288D2DA4BBBE19DA63F4AD993
[Extension] [DEBUG] Cleaning up child session: 4B1F164288D2DA4BBBE19DA63F4AD993 for tab: 1960181923
[Extension] [DEBUG] Ignoring debugger detach event for untracked tab: 1960181923
[Extension] [LOG] {"tabs":{"dataType":"Map","value":[[956717932,{"state":"connecting"}]]},"connectionState":"connected"}
[Extension] [DEBUG] Attaching debugger to tab: 956717932
[Extension] [DEBUG] Debugger attached successfully to tab: 956717932
[Extension] [ERROR] Unhandled promise rejection: Error: The browser is shutting down.
[Extension] [ERROR] Unhandled promise rejection: Error: The browser is shutting down.
[Extension] [ERROR] Unhandled promise rejection: Error: The browser is shutting down.
[Extension] [ERROR] Unhandled promise rejection: Error: The browser is shutting down.
[Extension] [ERROR] Unhandled promise rejection: Error: The browser is shutting down.
[Extension] [ERROR] Unhandled promise rejection: Error: The browser is shutting down.
[Extension] [ERROR] Unhandled promise rejection: Error: The browser is shutting down.
[Extension] [ERROR] Unhandled promise rejection: Error: The browser is shutting down.
[Extension] [ERROR] Unhandled promise rejection: Error: The browser is shutting down.
[Extension] [DEBUG] Failed to sync tab group: The browser is shutting down.
[Extension] [ERROR] Unhandled promise rejection: Error: The browser is shutting down.
[Extension] [ERROR] Unhandled promise rejection: Error: The browser is shutting down.
[Extension] [ERROR] Unhandled promise rejection: Error: The browser is shutting down.
[Extension] [ERROR] Unhandled promise rejection: Error: The browser is shutting down.
[Extension] [DEBUG] Created tab group: 643068156 with tabs: [956717932]
[Extension] [ERROR] Unhandled promise rejection: Error: The browser is shutting down.
[Extension] [ERROR] Unhandled promise rejection: Error: The browser is shutting down.
[Extension] [ERROR] Unhandled promise rejection: Error: The browser is shutting down.
[Extension] [ERROR] Unhandled promise rejection: Error: The browser is shutting down.
[Extension] [ERROR] Unhandled promise rejection: Error: The browser is shutting down.
[Extension] [ERROR] Unhandled promise rejection: Error: The browser is shutting down.
[Extension] [ERROR] Unhandled promise rejection: Error: The browser is shutting down.
[Extension] [ERROR] Unhandled promise rejection: Error: The browser is shutting down.
[Extension] [ERROR] Unhandled promise rejection: Error: The browser is shutting down.
[Extension] [ERROR] Unhandled promise rejection: Error: The browser is shutting down.
[Extension] [ERROR] Unhandled promise rejection: Error: The browser is shutting down.
[Extension] [ERROR] Unhandled promise rejection: Error: The browser is shutting down.
[Extension] [ERROR] Unhandled promise rejection: Error: The browser is shutting down.
[Extension] [ERROR] Unhandled promise rejection: Error: The browser is shutting down.
[Extension] [ERROR] Unhandled promise rejection: Error: The browser is shutting down.
[Extension] [ERROR] Unhandled promise rejection: Error: The browser is shutting down.
[Extension] [DEBUG] Error detaching debugger from tab: 1960181923 The browser is shutting down.
[Extension] [DEBUG] onTabUpdated handler error: Error: The browser is shutting down.
Extension disconnected: code=1001 reason=none (mmclyjs3_j6z7n5)
[Extension] [LOG] {"tabs":{"dataType":"Map","value":[[956717932,{"sessionId":"pw-tab-1uvxpd010keel8-1","targetId":"B24080C3014E31126B415BB9310ECEE5","state":"connected","attachOrder":1}]]},"connectionState":"connected"}
[Extension] [DEBUG] Tab attached successfully: 956717932 sessionId: pw-tab-1uvxpd010keel8-1 targetId: B24080C3014E31126B415BB9310ECEE5 url: about:blank skipAttachedEvent: true
[Extension] [DEBUG] Initial tab created and connected: 956717932 sessionId: pw-tab-1uvxpd010keel8-1
Auto-created tab, now have 1 targets, url: about:blank
[Server] Target.attachedToTarget full payload: {"method":"Target.attachedToTarget","params":{"sessionId":"pw-tab-1uvxpd010keel8-1","targetInfo":{"attached":true,"browserContextId":"34A27408DE75C56F0B8D7CD9F91851EB","canAccessOpener":false,"targetId":"B24080C3014E31126B415BB9310ECEE5","title":"about:blank","type":"page","url":"about:blank"},"waitingForDebugger":false}}
→ Playwright [ro6minm9ua_1772663311429]: Target.attachedToTarget targetId=B24080C3014E31126B415BB9310ECEE5, sessionId=pw-tab-1uvxpd010keel8-1 (server-generated)
← Playwright [ro6minm9ua_1772663311429]: Page.enable id=4, sessionId=pw-tab-1uvxpd010keel8-1
← Playwright [ro6minm9ua_1772663311429]: Page.getFrameTree id=5, sessionId=pw-tab-1uvxpd010keel8-1
← Playwright [ro6minm9ua_1772663311429]: Log.enable id=6, sessionId=pw-tab-1uvxpd010keel8-1
← Playwright [ro6minm9ua_1772663311429]: Page.setLifecycleEventsEnabled id=7, sessionId=pw-tab-1uvxpd010keel8-1
← Playwright [ro6minm9ua_1772663311429]: Runtime.enable id=8, sessionId=pw-tab-1uvxpd010keel8-1
← Playwright [ro6minm9ua_1772663311429]: Page.addScriptToEvaluateOnNewDocument id=9, sessionId=pw-tab-1uvxpd010keel8-1
← Playwright [ro6minm9ua_1772663311429]: Network.enable id=10, sessionId=pw-tab-1uvxpd010keel8-1
← Playwright [ro6minm9ua_1772663311429]: Target.setAutoAttach id=11, sessionId=pw-tab-1uvxpd010keel8-1
← Playwright [ro6minm9ua_1772663311429]: Emulation.setFocusEmulationEnabled id=12, sessionId=pw-tab-1uvxpd010keel8-1
← Playwright [ro6minm9ua_1772663311429]: Emulation.setEmulatedMedia id=13, sessionId=pw-tab-1uvxpd010keel8-1
← Playwright [ro6minm9ua_1772663311429]: Runtime.runIfWaitingForDebugger id=14, sessionId=pw-tab-1uvxpd010keel8-1
← Playwright [ro6minm9ua_1772663311429]: Target.getTargetInfo id=15
[Extension] [DEBUG] CDP command: Page.enable for tab: 956717932
[Extension] [DEBUG] CDP command: Page.getFrameTree for tab: 956717932
[Extension] [DEBUG] CDP command: Log.enable for tab: 956717932
[Extension] [DEBUG] CDP command: Page.setLifecycleEventsEnabled for tab: 956717932
[Extension] [DEBUG] CDP command: Page.addScriptToEvaluateOnNewDocument for tab: 956717932
[Extension] [DEBUG] CDP command: Network.enable for tab: 956717932
[Extension] [DEBUG] CDP command: Target.setAutoAttach for tab: 956717932
[Extension] [DEBUG] CDP command: Emulation.setFocusEmulationEnabled for tab: 956717932
[Extension] [DEBUG] CDP command: Emulation.setEmulatedMedia for tab: 956717932
[Extension] [DEBUG] CDP command: Runtime.runIfWaitingForDebugger for tab: 956717932
[Extension] [DEBUG] Forwarding CDP event: Page.lifecycleEvent from tab: 956717932
← Extension: Page.lifecycleEvent sessionId=pw-tab-1uvxpd010keel8-1
→ Playwright [ALL]: Page.lifecycleEvent sessionId=pw-tab-1uvxpd010keel8-1
[Extension] [DEBUG] Forwarding CDP event: Page.lifecycleEvent from tab: 956717932
← Extension: Page.lifecycleEvent sessionId=pw-tab-1uvxpd010keel8-1
→ Playwright [ALL]: Page.lifecycleEvent sessionId=pw-tab-1uvxpd010keel8-1
[Extension] [DEBUG] Forwarding CDP event: Page.lifecycleEvent from tab: 956717932
← Extension: Page.lifecycleEvent sessionId=pw-tab-1uvxpd010keel8-1
→ Playwright [ALL]: Page.lifecycleEvent sessionId=pw-tab-1uvxpd010keel8-1
[Extension] [DEBUG] Forwarding CDP event: Page.lifecycleEvent from tab: 956717932
← Extension: Page.lifecycleEvent sessionId=pw-tab-1uvxpd010keel8-1
→ Playwright [ALL]: Page.lifecycleEvent sessionId=pw-tab-1uvxpd010keel8-1
[Extension] [DEBUG] Forwarding CDP event: Page.lifecycleEvent from tab: 956717932
← Extension: Page.lifecycleEvent sessionId=pw-tab-1uvxpd010keel8-1
→ Playwright [ALL]: Page.lifecycleEvent sessionId=pw-tab-1uvxpd010keel8-1
← Playwright [ro6minm9ua_1772663311429]: Page.createIsolatedWorld id=16, sessionId=pw-tab-1uvxpd010keel8-1
[Extension] [DEBUG] CDP command: Page.createIsolatedWorld for tab: 956717932
[Extension] [DEBUG] Forwarding CDP event: Runtime.executionContextCreated from tab: 956717932
← Extension: Runtime.executionContextCreated sessionId=pw-tab-1uvxpd010keel8-1
→ Playwright [ALL]: Runtime.executionContextCreated sessionId=pw-tab-1uvxpd010keel8-1
[Extension] [DEBUG] Forwarding CDP event: Runtime.executionContextCreated from tab: 956717932
← Extension: Runtime.executionContextCreated sessionId=pw-tab-1uvxpd010keel8-1
→ Playwright [ALL]: Runtime.executionContextCreated sessionId=pw-tab-1uvxpd010keel8-1
[Extension] [DEBUG] Forwarding CDP event: Runtime.executionContextCreated from tab: 956717932
← Extension: Runtime.executionContextCreated sessionId=pw-tab-1uvxpd010keel8-1
→ Playwright [ALL]: Runtime.executionContextCreated sessionId=pw-tab-1uvxpd010keel8-1
← Playwright [ro6minm9ua_1772663311429]: Runtime.evaluate id=17, sessionId=pw-tab-1uvxpd010keel8-1
[Extension] [DEBUG] CDP command: Runtime.evaluate for tab: 956717932
← Playwright [ro6minm9ua_1772663311429]: Runtime.callFunctionOn id=18, sessionId=pw-tab-1uvxpd010keel8-1
[Extension] [DEBUG] CDP command: Runtime.callFunctionOn for tab: 956717932
[Extension] [DEBUG] Forwarding CDP event: Page.documentOpened from tab: 956717932
← Extension: Page.documentOpened sessionId=pw-tab-1uvxpd010keel8-1
→ Playwright [ALL]: Page.documentOpened sessionId=pw-tab-1uvxpd010keel8-1
[Extension] [DEBUG] Forwarding CDP event: Page.lifecycleEvent from tab: 956717932
← Extension: Page.lifecycleEvent sessionId=pw-tab-1uvxpd010keel8-1
→ Playwright [ALL]: Page.lifecycleEvent sessionId=pw-tab-1uvxpd010keel8-1
[Extension] [DEBUG] Forwarding CDP event: Runtime.consoleAPICalled from tab: 956717932
← Extension: Runtime.consoleAPICalled sessionId=pw-tab-1uvxpd010keel8-1
→ Playwright [ALL]: Runtime.consoleAPICalled sessionId=pw-tab-1uvxpd010keel8-1
[Extension] [DEBUG] Forwarding CDP event: Page.domContentEventFired from tab: 956717932
← Extension: Page.domContentEventFired sessionId=pw-tab-1uvxpd010keel8-1
→ Playwright [ALL]: Page.domContentEventFired sessionId=pw-tab-1uvxpd010keel8-1
[Extension] [DEBUG] Forwarding CDP event: Page.lifecycleEvent from tab: 956717932
← Extension: Page.lifecycleEvent sessionId=pw-tab-1uvxpd010keel8-1
→ Playwright [ALL]: Page.lifecycleEvent sessionId=pw-tab-1uvxpd010keel8-1
[Extension] [DEBUG] Forwarding CDP event: Page.loadEventFired from tab: 956717932
← Extension: Page.loadEventFired sessionId=pw-tab-1uvxpd010keel8-1
→ Playwright [ALL]: Page.loadEventFired sessionId=pw-tab-1uvxpd010keel8-1
[Extension] [DEBUG] Forwarding CDP event: Page.lifecycleEvent from tab: 956717932
← Extension: Page.lifecycleEvent sessionId=pw-tab-1uvxpd010keel8-1
→ Playwright [ALL]: Page.lifecycleEvent sessionId=pw-tab-1uvxpd010keel8-1
← Playwright [ro6minm9ua_1772663311429]: Runtime.evaluate id=19, sessionId=pw-tab-1uvxpd010keel8-1
[Extension] [DEBUG] CDP command: Runtime.evaluate for tab: 956717932
[Extension] [DEBUG] Forwarding CDP event: Page.lifecycleEvent from tab: 956717932
← Extension: Page.lifecycleEvent sessionId=pw-tab-1uvxpd010keel8-1
→ Playwright [ALL]: Page.lifecycleEvent sessionId=pw-tab-1uvxpd010keel8-1
[Extension] [DEBUG] Forwarding CDP event: Page.lifecycleEvent from tab: 956717932
← Extension: Page.lifecycleEvent sessionId=pw-tab-1uvxpd010keel8-1
→ Playwright [ALL]: Page.lifecycleEvent sessionId=pw-tab-1uvxpd010keel8-1
[Extension] [DEBUG] Forwarding CDP event: Page.lifecycleEvent from tab: 956717932
← Extension: Page.lifecycleEvent sessionId=pw-tab-1uvxpd010keel8-1
→ Playwright [ALL]: Page.lifecycleEvent sessionId=pw-tab-1uvxpd010keel8-1
← Playwright [ro6minm9ua_1772663311429]: Runtime.callFunctionOn id=20, sessionId=pw-tab-1uvxpd010keel8-1
[Extension] [DEBUG] CDP command: Runtime.callFunctionOn for tab: 956717932
Playwright client disconnected: ro6minm9ua_1772663311429 (0 remaining)
[Extension] [DEBUG] Forwarding CDP event: Inspector.detached from tab: 956717932
← Extension: Inspector.detached sessionId=pw-tab-1uvxpd010keel8-1
→ Playwright [ALL]: Inspector.detached sessionId=pw-tab-1uvxpd010keel8-1
[Extension] [DEBUG] Connected tab 956717932 was closed, disconnecting
[Extension] [DEBUG] Disconnecting tab 956717932
[Extension] [WARN] DISCONNECT: detachTab tabId=956717932 shouldDetach=true stack= at detachTab (chrome-extension://pebbngnfojnignonigcnkdilknapkgid/background.js:1142:98) <- at disconnectTab (chrome-extension://pebbngnfojnignonigcnkdilknapkgid/background.js:1212:3) <- at onTabRemoved (chrome-extension://pebbngnfojnignonigcnkdilknapkgid/background.js:1381:9)
← Extension: Target.detachedFromTarget targetId=B24080C3014E31126B415BB9310ECEE5, sessionId=pw-tab-1uvxpd010keel8-1
→ Playwright [ALL]: Target.detachedFromTarget targetId=B24080C3014E31126B415BB9310ECEE5, sessionId=pw-tab-1uvxpd010keel8-1
[Extension] [LOG] {"tabs":{"dataType":"Map","value":[]},"connectionState":"connected"}
[Extension] [DEBUG] Ignoring debugger detach event for untracked tab: 956717932
[Extension] [ERROR] Unhandled promise rejection: Error: The browser is shutting down.
[Extension] [DEBUG] onTabUpdated handler error: Error: The browser is shutting down.
[Extension] [ERROR] Unhandled promise rejection: Error: The browser is shutting down.
[Extension] [DEBUG] Error detaching debugger from tab: 956717932 The browser is shutting down.
[Extension] [DEBUG] Failed to sync tab group: The browser is shutting down.
Extension disconnected: code=1001 reason=none (mmclys8n_rposin)
